product_id,product_name,category,brand,cost_price,unit_price,margin_pct,profit_per_unit,price_segment
P0000,BrandA Shoulder,Electronics,BrandC,52.75,64.65,18.41,11.900000000000006,Budget
P0001,BrandA Responsibility,Electronics,BrandD,11.2,13.26,15.54,2.0600000000000005,Budget
P0002,BrandB Small,Electronics,BrandB,144.62,250.37,42.24,105.75,Mid-Range
P0003,BrandD Continue,Apparel,BrandD,119.91,219.25,45.31,99.34,Mid-Range
P0004,BrandA Indeed,Apparel,BrandD,71.35,88.47,19.35,17.120000000000005,Budget
P0005,BrandC Cut,Electronics,BrandA,79.09,112.55,29.73,33.459999999999994,Budget
P0006,BrandC Air,Home & Kitchen,BrandA,147.3,233.12,36.81,85.82,Mid-Range
P0007,BrandD State,Electronics,BrandC,166.73,276.22,39.64,109.49000000000004,Mid-Range
P0008,BrandC Growth,Apparel,BrandA,13.94,18.19,23.36,4.250000000000002,Budget
P0009,BrandC Keep,Electronics,BrandB,173.96,250.87,30.66,76.91,Mid-Range
P0010,BrandD Reveal,Home & Kitchen,BrandB,77.19,99.46,22.39,22.269999999999996,Budget
P0011,BrandC Laugh,Electronics,BrandB,109.16,144.13,24.26,34.97,Budget
P0012,BrandD Cell,Personal Care,BrandC,197.96,331.78,40.33,133.81999999999996,Premium
P0013,BrandB Seat,Home & Kitchen,BrandA,49.66,56.06,11.42,6.400000000000006,Budget
P0014,BrandC Argue,Personal Care,BrandC,17.91,34.42,47.97,16.51,Budget
P0015,BrandC Peace,Apparel,BrandD,82.15,157.98,48.0,75.82999999999998,Mid-Range
P0016,BrandD Crime,Apparel,BrandC,32.23,57.06,43.52,24.830000000000005,Budget
P0017,BrandC Firm,Personal Care,BrandD,75.59,151.0,49.94,75.41,Mid-Range
P0018,BrandB Management,Personal Care,BrandA,152.38,285.71,46.67,133.32999999999998,Mid-Range
P0019,BrandB Left,Apparel,BrandD,121.3,175.44,30.86,54.14,Mid-Range
P0020,BrandD House,Home & Kitchen,BrandA,137.66,165.62,16.88,27.960000000000008,Mid-Range
P0021,BrandC Shake,Home & Kitchen,BrandA,62.23,77.31,19.51,15.080000000000005,Budget
P0022,BrandA Much,Home & Kitchen,BrandB,104.0,124.36,16.37,20.36,Budget
P0023,BrandC Believe,Apparel,BrandD,77.91,97.03,19.71,19.120000000000005,Budget
P0024,BrandA Black,Home & Kitchen,BrandD,8.8,17.04,48.36,8.239999999999998,Budget
P0025,BrandC Resource,Apparel,BrandA,51.97,83.7,37.91,31.730000000000004,Budget
P0026,BrandA Fund,Electronics,BrandD,164.12,324.99,49.5,160.87,Premium
P0027,BrandB Probably,Apparel,BrandD,189.64,236.79,19.91,47.150000000000006,Mid-Range
P0028,BrandD Degree,Apparel,BrandB,144.03,210.15,31.46,66.12,Mid-Range
P0029,BrandC Stuff,Personal Care,BrandD,28.6,37.24,23.2,8.64,Budget
P0030,BrandC War,Electronics,BrandB,119.75,132.5,9.62,12.75,Budget
P0031,BrandA Responsibility,Apparel,BrandA,181.56,340.18,46.63,158.62,Premium
P0032,BrandA Role,Apparel,BrandC,135.45,175.11,22.65,39.660000000000025,Mid-Range
P0033,BrandB Training,Personal Care,BrandB,158.0,288.63,45.26,130.63,Mid-Range
P0034,BrandB Draw,Electronics,BrandA,133.5,189.42,29.52,55.91999999999999,Mid-Range
P0035,BrandD Sure,Personal Care,BrandA,136.31,270.68,49.64,134.37,Mid-Range
P0036,BrandA Beautiful,Electronics,BrandD,147.0,267.62,45.07,120.62,Mid-Range
P0037,BrandA One,Apparel,BrandB,42.09,63.29,33.5,21.199999999999996,Budget
P0038,BrandD The,Apparel,BrandC,95.21,179.66,47.01,84.45,Mid-Range
P0039,BrandA Professor,Personal Care,BrandA,14.86,29.71,49.98,14.850000000000001,Budget
P0040,BrandA Identify,Electronics,BrandB,37.43,57.53,34.94,20.1,Budget
P0041,BrandB Prevent,Personal Care,BrandA,37.1,40.88,9.25,3.780000000000001,Budget
P0042,BrandD Outside,Home & Kitchen,BrandD,60.62,104.69,42.1,44.07,Budget
P0043,BrandD Who,Apparel,BrandD,62.86,123.95,49.29,61.09,Budget
P0044,BrandA Argue,Home & Kitchen,BrandD,14.78,22.6,34.6,7.820000000000002,Budget
P0045,BrandB Tend,Electronics,BrandA,171.01,198.66,13.92,27.650000000000006,Mid-Range
P0046,BrandA Usually,Apparel,BrandD,28.38,53.96,47.41,25.580000000000002,Budget
P0047,BrandB Son,Electronics,BrandA,86.75,141.0,38.48,54.25,Budget
P0048,BrandC Carry,Home & Kitchen,BrandB,135.6,187.5,27.68,51.900000000000006,Mid-Range
P0049,BrandC Bit,Personal Care,BrandD,135.98,186.29,27.01,50.31,Mid-Range
P0050,BrandC Marriage,Electronics,BrandA,94.37,188.61,49.97,94.24000000000001,Mid-Range
P0051,BrandA Table,Electronics,BrandB,103.65,126.37,17.98,22.72,Budget
P0052,BrandC Agency,Electronics,BrandB,77.06,95.71,19.49,18.64999999999999,Budget
P0053,BrandC Decision,Electronics,BrandC,186.69,222.76,16.19,36.06999999999999,Mid-Range
P0054,BrandB Our,Home & Kitchen,BrandA,178.49,315.6,43.44,137.11,Premium
P0055,BrandB Day,Home & Kitchen,BrandC,122.94,214.63,42.72,91.69,Mid-Range
P0056,BrandB Operation,Home & Kitchen,BrandD,53.97,103.48,47.84,49.510000000000005,Budget
P0057,BrandA Majority,Electronics,BrandD,166.72,190.01,12.26,23.289999999999992,Mid-Range
P0058,BrandC Recently,Apparel,BrandD,36.51,54.68,33.23,18.17,Budget
P0059,BrandD Mother,Electronics,BrandA,19.67,37.27,47.22,17.6,Budget
P0060,BrandB Society,Electronics,BrandC,118.59,146.26,18.92,27.669999999999987,Budget
P0061,BrandB Off,Electronics,BrandC,76.11,147.64,48.45,71.52999999999999,Budget
P0062,BrandA Five,Home & Kitchen,BrandB,138.0,234.63,41.18,96.63,Mid-Range
P0063,BrandC Congress,Personal Care,BrandB,185.52,243.6,23.84,58.079999999999984,Mid-Range
P0064,BrandB Important,Apparel,BrandD,9.83,17.33,43.28,7.499999999999998,Budget
P0065,BrandC Moment,Personal Care,BrandB,57.03,103.15,44.71,46.120000000000005,Budget
P0066,BrandA Computer,Personal Care,BrandA,172.43,224.19,23.09,51.75999999999999,Mid-Range
P0067,BrandD Indeed,Home & Kitchen,BrandC,165.0,310.89,46.93,145.89,Premium
P0068,BrandB Nice,Electronics,BrandB,82.7,111.71,25.97,29.00999999999999,Budget
P0069,BrandA Wait,Home & Kitchen,BrandC,130.09,189.89,31.49,59.79999999999998,Mid-Range
P0070,BrandC Quality,Electronics,BrandD,176.02,235.0,25.1,58.97999999999999,Mid-Range
P0071,BrandC Tough,Electronics,BrandA,121.33,171.21,29.13,49.88000000000001,Mid-Range
P0072,BrandC Finish,Personal Care,BrandA,80.11,129.69,38.23,49.58,Budget
P0073,BrandC Help,Electronics,BrandD,5.33,10.3,48.25,4.970000000000001,Budget
P0074,BrandB No,Home & Kitchen,BrandD,18.64,31.65,41.11,13.009999999999998,Budget
P0075,BrandC Better,Home & Kitchen,BrandA,145.35,199.17,27.02,53.81999999999999,Mid-Range
P0076,BrandC Economy,Personal Care,BrandC,83.47,114.03,26.8,30.560000000000002,Budget
P0077,BrandB Need,Apparel,BrandD,134.66,194.08,30.62,59.420000000000016,Mid-Range
P0078,BrandB Oil,Home & Kitchen,BrandD,111.85,123.08,9.12,11.230000000000004,Budget
P0079,BrandC Southern,Apparel,BrandD,158.22,260.43,39.25,102.21000000000001,Mid-Range
P0080,BrandC Market,Personal Care,BrandD,91.22,117.89,22.62,26.67,Budget
P0081,BrandD Need,Apparel,BrandA,60.34,102.43,41.09,42.09,Budget
P0082,BrandC Society,Electronics,BrandB,136.2,177.36,23.21,41.160000000000025,Mid-Range
P0083,BrandB Weight,Apparel,BrandA,14.01,27.82,49.64,13.81,Budget
P0084,BrandA Head,Personal Care,BrandD,177.8,287.7,38.2,109.89999999999998,Mid-Range
P0085,BrandD Officer,Personal Care,BrandD,52.58,88.88,40.84,36.3,Budget
P0086,BrandA Born,Electronics,BrandD,47.67,86.94,45.17,39.269999999999996,Budget
P0087,BrandD Accept,Electronics,BrandB,183.91,222.39,17.3,38.47999999999999,Mid-Range
P0088,BrandB Compare,Personal Care,BrandC,190.26,361.93,47.43,171.67000000000002,Premium
P0089,BrandD Answer,Personal Care,BrandB,150.01,229.1,34.52,79.09,Mid-Range
P0090,BrandC Chance,Apparel,BrandC,154.33,242.17,36.27,87.83999999999997,Mid-Range
P0091,BrandB Add,Home & Kitchen,BrandD,20.11,27.29,26.31,7.18,Budget
P0092,BrandC Half,Home & Kitchen,BrandC,179.14,210.05,14.72,30.910000000000025,Mid-Range
P0093,BrandB Present,Apparel,BrandD,140.32,243.56,42.39,103.24000000000001,Mid-Range
P0094,BrandA President,Personal Care,BrandD,69.52,105.62,34.18,36.10000000000001,Budget
P0095,BrandA So,Apparel,BrandD,80.95,145.13,44.22,64.17999999999999,Budget
P0096,BrandA Drive,Personal Care,BrandD,6.15,8.71,29.39,2.5600000000000005,Budget
P0097,BrandD Might,Personal Care,BrandB,100.2,134.83,25.68,34.63000000000001,Budget
P0098,BrandD Officer,Electronics,BrandD,70.55,120.73,41.56,50.18000000000001,Budget
P0099,BrandD Indicate,Apparel,BrandD,184.31,365.42,49.56,181.11,Premium
P0100,BrandA Off,Personal Care,BrandA,21.37,31.75,32.69,10.379999999999999,Budget
P0101,BrandD Fall,Apparel,BrandD,55.73,77.72,28.29,21.990000000000002,Budget
P0102,BrandD Improve,Home & Kitchen,BrandC,153.44,221.14,30.61,67.69999999999999,Mid-Range
P0103,BrandD Or,Home & Kitchen,BrandA,96.71,171.58,43.64,74.87000000000002,Mid-Range
P0104,BrandA Among,Home & Kitchen,BrandB,131.78,237.61,44.54,105.83000000000001,Mid-Range
P0105,BrandA Same,Electronics,BrandB,43.88,49.07,10.58,5.189999999999998,Budget
P0106,BrandB Follow,Apparel,BrandB,97.34,117.1,16.87,19.75999999999999,Budget
P0107,BrandB Never,Personal Care,BrandD,154.55,193.34,20.06,38.78999999999999,Mid-Range
P0108,BrandA Make,Apparel,BrandC,26.08,29.29,10.96,3.210000000000001,Budget
P0109,BrandC Break,Personal Care,BrandD,188.59,241.11,21.78,52.52000000000001,Mid-Range
P0110,BrandB Not,Electronics,BrandC,170.81,280.19,39.04,109.38,Mid-Range
P0111,BrandA First,Electronics,BrandC,108.89,184.61,41.02,75.72000000000001,Mid-Range
P0112,BrandA Represent,Home & Kitchen,BrandA,170.67,314.05,45.66,143.38000000000002,Premium
P0113,BrandA Company,Personal Care,BrandC,128.94,238.0,45.82,109.06,Mid-Range
P0114,BrandB You,Personal Care,BrandB,148.09,291.58,49.21,143.48999999999998,Mid-Range
P0115,BrandC Piece,Personal Care,BrandD,89.94,158.11,43.12,68.17000000000002,Mid-Range
P0116,BrandC Sometimes,Home & Kitchen,BrandB,166.99,196.71,15.11,29.72,Mid-Range
P0117,BrandD Hair,Apparel,BrandD,116.12,197.56,41.22,81.44,Mid-Range
P0118,BrandC Manager,Electronics,BrandD,170.94,216.01,20.86,45.06999999999999,Mid-Range
P0119,BrandB Quite,Home & Kitchen,BrandC,71.37,135.05,47.15,63.68000000000001,Budget
P0120,BrandC Arm,Electronics,BrandB,21.69,37.92,42.8,16.23,Budget
P0121,BrandD Stand,Apparel,BrandD,130.95,201.89,35.14,70.94,Mid-Range
P0122,BrandA Loss,Electronics,BrandC,48.21,83.05,41.95,34.839999999999996,Budget
P0123,BrandC Word,Home & Kitchen,BrandD,112.93,159.16,29.05,46.22999999999999,Mid-Range
P0124,BrandC Every,Home & Kitchen,BrandD,57.83,76.7,24.6,18.870000000000005,Budget
P0125,BrandA Off,Apparel,BrandC,28.31,44.79,36.79,16.48,Budget
P0126,BrandB History,Apparel,BrandB,149.03,201.02,25.86,51.99000000000001,Mid-Range
P0127,BrandC Another,Electronics,BrandB,62.77,89.43,29.81,26.660000000000004,Budget
P0128,BrandC Look,Electronics,BrandB,58.49,115.63,49.42,57.13999999999999,Budget
P0129,BrandC Let,Apparel,BrandD,25.0,27.78,10.01,2.780000000000001,Budget
P0130,BrandC Trial,Personal Care,BrandD,90.89,115.06,21.01,24.17,Budget
P0131,BrandA Gas,Home & Kitchen,BrandD,27.25,31.58,13.71,4.329999999999998,Budget
P0132,BrandD Ever,Electronics,BrandA,34.59,63.3,45.36,28.709999999999994,Budget
P0133,BrandC Physical,Electronics,BrandB,28.1,50.24,44.07,22.14,Budget
P0134,BrandB Step,Personal Care,BrandD,182.16,249.13,26.88,66.97,Mid-Range
P0135,BrandD Especially,Home & Kitchen,BrandA,123.88,218.78,43.38,94.9,Mid-Range
P0136,BrandB Treat,Apparel,BrandC,133.78,166.07,19.44,32.28999999999999,Mid-Range
P0137,BrandB Money,Electronics,BrandB,5.52,8.31,33.57,2.790000000000001,Budget
P0138,BrandD Prove,Home & Kitchen,BrandA,50.14,87.06,42.41,36.92,Budget
P0139,BrandD Own,Electronics,BrandB,185.16,334.96,44.72,149.79999999999998,Premium
P0140,BrandB Community,Personal Care,BrandA,111.19,187.12,40.58,75.93,Mid-Range
P0141,BrandC Hour,Apparel,BrandA,16.63,30.16,44.86,13.530000000000001,Budget
P0142,BrandC Factor,Personal Care,BrandA,96.4,132.42,27.2,36.01999999999998,Budget
P0143,BrandD Dark,Home & Kitchen,BrandD,90.36,148.03,38.96,57.67,Budget
P0144,BrandD Mind,Home & Kitchen,BrandC,10.04,13.11,23.42,3.0700000000000003,Budget
P0145,BrandA Stay,Home & Kitchen,BrandA,153.81,193.44,20.49,39.629999999999995,Mid-Range
P0146,BrandD Church,Home & Kitchen,BrandB,199.4,297.56,32.99,98.16,Mid-Range
P0147,BrandD Safe,Electronics,BrandD,72.85,101.99,28.57,29.14,Budget
P0148,BrandA Particular,Apparel,BrandC,85.27,131.82,35.31,46.55,Budget
P0149,BrandD Hot,Electronics,BrandD,22.17,29.42,24.64,7.25,Budget
P0150,BrandA Serious,Personal Care,BrandA,133.24,211.63,37.04,78.38999999999999,Mid-Range
P0151,BrandD Side,Electronics,BrandB,106.1,176.17,39.77,70.07,Mid-Range
P0152,BrandD Growth,Personal Care,BrandA,44.69,71.25,37.28,26.560000000000002,Budget
P0153,BrandC Surface,Personal Care,BrandD,28.68,56.67,49.39,27.990000000000002,Budget
P0154,BrandB Alone,Apparel,BrandC,112.41,179.52,37.38,67.11000000000001,Mid-Range
P0155,BrandA World,Apparel,BrandA,94.98,114.52,17.06,19.539999999999992,Budget
P0156,BrandB Smile,Personal Care,BrandC,104.23,140.3,25.71,36.07000000000001,Budget
P0157,BrandD Past,Personal Care,BrandB,94.07,115.72,18.71,21.650000000000006,Budget
P0158,BrandB Value,Apparel,BrandA,58.87,106.61,44.78,47.74,Budget
P0159,BrandD Some,Home & Kitchen,BrandC,165.01,223.52,26.18,58.51000000000002,Mid-Range
P0160,BrandC Memory,Personal Care,BrandB,92.08,141.43,34.89,49.35000000000001,Budget
P0161,BrandC Least,Personal Care,BrandD,186.91,351.88,46.88,164.97,Premium
P0162,BrandB Onto,Personal Care,BrandB,171.92,252.67,31.96,80.75,Mid-Range
P0163,BrandC Power,Personal Care,BrandD,80.29,136.28,41.08,55.989999999999995,Budget
P0164,BrandB Whatever,Personal Care,BrandA,29.62,58.32,49.21,28.7,Budget
P0165,BrandC Establish,Electronics,BrandD,24.44,46.91,47.9,22.469999999999995,Budget
P0166,BrandA Human,Apparel,BrandD,174.83,344.93,49.31,170.1,Premium
P0167,BrandA Early,Personal Care,BrandC,71.02,122.4,41.98,51.38000000000001,Budget
P0168,BrandA Mouth,Home & Kitchen,BrandD,191.06,317.95,39.91,126.88999999999999,Premium
P0169,BrandD Get,Electronics,BrandA,50.78,87.14,41.73,36.36,Budget
P0170,BrandC Education,Apparel,BrandD,89.62,106.52,15.87,16.89999999999999,Budget
P0171,BrandA Sometimes,Personal Care,BrandB,140.33,268.46,47.73,128.12999999999997,Mid-Range
P0172,BrandA Difficult,Home & Kitchen,BrandA,62.21,89.42,30.43,27.21,Budget
P0173,BrandB Player,Apparel,BrandD,115.36,209.18,44.85,93.82000000000001,Mid-Range
P0174,BrandB Decide,Apparel,BrandA,123.85,178.88,30.76,55.03,Mid-Range
P0175,BrandB Give,Personal Care,BrandB,50.28,84.17,40.26,33.89,Budget
P0176,BrandD Offer,Home & Kitchen,BrandA,180.29,273.81,34.16,93.52000000000001,Mid-Range
P0177,BrandC May,Apparel,BrandA,91.14,128.6,29.13,37.459999999999994,Budget
P0178,BrandC Use,Personal Care,BrandC,94.08,129.07,27.11,34.989999999999995,Budget
P0179,BrandD Product,Personal Care,BrandA,51.26,82.77,38.07,31.509999999999998,Budget
P0180,BrandC Unit,Home & Kitchen,BrandA,195.7,331.2,40.91,135.5,Premium
P0181,BrandC Card,Electronics,BrandA,182.57,323.27,43.52,140.7,Premium
P0182,BrandC Fund,Apparel,BrandC,47.71,60.65,21.34,12.939999999999998,Budget
P0183,BrandC Direction,Apparel,BrandA,181.16,304.66,40.54,123.50000000000003,Premium
P0184,BrandC Think,Personal Care,BrandA,118.02,207.61,43.15,89.59000000000002,Mid-Range
P0185,BrandA Mind,Home & Kitchen,BrandC,150.76,189.67,20.51,38.91,Mid-Range
P0186,BrandB Who,Home & Kitchen,BrandC,166.94,222.24,24.88,55.30000000000001,Mid-Range
P0187,BrandD Party,Home & Kitchen,BrandC,161.83,246.22,34.27,84.38999999999999,Mid-Range
P0188,BrandA Strong,Apparel,BrandB,172.73,302.59,42.92,129.85999999999999,Premium
P0189,BrandD Tax,Home & Kitchen,BrandA,159.18,177.09,10.11,17.909999999999997,Mid-Range
P0190,BrandA Middle,Personal Care,BrandC,136.2,232.24,41.35,96.04000000000002,Mid-Range
P0191,BrandD Face,Home & Kitchen,BrandA,136.59,208.21,34.4,71.62,Mid-Range
P0192,BrandC Become,Apparel,BrandA,128.9,195.65,34.12,66.75,Mid-Range
P0193,BrandC Nothing,Personal Care,BrandA,32.26,62.96,48.76,30.700000000000003,Budget
P0194,BrandC In,Personal Care,BrandA,23.95,45.47,47.33,21.52,Budget
P0195,BrandB Care,Personal Care,BrandD,77.35,151.18,48.84,73.83000000000001,Mid-Range
P0196,BrandD Strategy,Apparel,BrandD,132.71,245.56,45.96,112.85,Mid-Range
P0197,BrandD Campaign,Home & Kitchen,BrandA,139.6,180.86,22.81,41.26000000000002,Mid-Range
P0198,BrandD Instead,Apparel,BrandC,24.37,41.85,41.77,17.48,Budget
P0199,BrandC Grow,Electronics,BrandD,58.8,115.92,49.28,57.120000000000005,Budget
P0200,BrandD While,Electronics,BrandB,130.13,213.08,38.93,82.95000000000002,Mid-Range
P0201,BrandA Good,Electronics,BrandC,52.5,63.7,17.58,11.200000000000003,Budget
P0202,BrandB Simple,Electronics,BrandB,119.34,218.6,45.41,99.25999999999999,Mid-Range
P0203,BrandB Since,Home & Kitchen,BrandB,158.79,259.84,38.89,101.04999999999998,Mid-Range
P0204,BrandC Right,Apparel,BrandB,110.34,200.67,45.01,90.32999999999998,Mid-Range
P0205,BrandA Congress,Electronics,BrandB,7.9,14.31,44.79,6.41,Budget
P0206,BrandB Police,Home & Kitchen,BrandA,38.98,44.72,12.84,5.740000000000002,Budget
P0207,BrandD Use,Electronics,BrandA,97.87,176.19,44.45,78.32,Mid-Range
P0208,BrandA Situation,Personal Care,BrandB,189.36,215.69,12.21,26.329999999999984,Mid-Range
P0209,BrandC Over,Personal Care,BrandA,16.86,25.81,34.68,8.95,Budget
P0210,BrandD Discuss,Personal Care,BrandA,100.6,193.02,47.88,92.42000000000002,Mid-Range
P0211,BrandA Middle,Electronics,BrandC,123.62,143.29,13.73,19.669999999999987,Budget
P0212,BrandC Finally,Home & Kitchen,BrandD,198.95,313.84,36.61,114.88999999999999,Premium
P0213,BrandD Young,Personal Care,BrandA,159.65,192.05,16.87,32.400000000000006,Mid-Range
P0214,BrandB Apply,Personal Care,BrandD,178.18,262.36,32.09,84.18,Mid-Range
P0215,BrandD Whom,Personal Care,BrandD,147.27,203.42,27.6,56.14999999999998,Mid-Range
P0216,BrandC Between,Home & Kitchen,BrandC,190.95,328.08,41.8,137.13,Premium
P0217,BrandD Husband,Electronics,BrandA,167.2,197.95,15.53,30.75,Mid-Range
P0218,BrandA Child,Home & Kitchen,BrandB,113.49,184.74,38.57,71.25000000000001,Mid-Range
P0219,BrandC Radio,Electronics,BrandD,73.95,125.63,41.14,51.67999999999999,Budget
P0220,BrandD Artist,Electronics,BrandC,122.08,172.92,29.4,50.83999999999999,Mid-Range
P0221,BrandB Network,Apparel,BrandD,48.73,58.35,16.49,9.620000000000005,Budget
P0222,BrandC Business,Electronics,BrandC,116.95,213.61,45.25,96.66000000000001,Mid-Range
P0223,BrandA Song,Home & Kitchen,BrandA,40.18,69.61,42.28,29.43,Budget
P0224,BrandC Mouth,Home & Kitchen,BrandC,6.19,11.66,46.91,5.47,Budget
P0225,BrandD Week,Electronics,BrandB,149.49,295.19,49.36,145.7,Mid-Range
P0226,BrandA Other,Apparel,BrandD,86.87,122.21,28.92,35.33999999999999,Budget
P0227,BrandC Recent,Home & Kitchen,BrandC,156.48,252.06,37.92,95.58000000000001,Mid-Range
P0228,BrandA Herself,Electronics,BrandB,35.69,59.1,39.61,23.410000000000004,Budget
P0229,BrandA Degree,Home & Kitchen,BrandD,134.08,206.09,34.94,72.00999999999999,Mid-Range
P0230,BrandD Car,Personal Care,BrandC,47.04,73.43,35.94,26.390000000000008,Budget
P0231,BrandC Part,Personal Care,BrandA,60.23,103.03,41.54,42.800000000000004,Budget
P0232,BrandD Poor,Home & Kitchen,BrandA,48.0,95.33,49.65,47.33,Budget
P0233,BrandA Relationship,Electronics,BrandB,63.78,82.28,22.48,18.5,Budget
P0234,BrandB Cup,Home & Kitchen,BrandC,68.98,76.36,9.66,7.3799999999999955,Budget
P0235,BrandD List,Apparel,BrandB,79.14,137.17,42.31,58.02999999999999,Budget
P0236,BrandC Still,Electronics,BrandD,173.04,196.93,12.13,23.890000000000015,Mid-Range
P0237,BrandA During,Personal Care,BrandA,173.11,280.12,38.2,107.00999999999999,Mid-Range
P0238,BrandD Say,Personal Care,BrandC,27.46,30.72,10.61,3.259999999999998,Budget
P0239,BrandC Market,Apparel,BrandD,167.25,322.42,48.13,155.17000000000002,Premium
P0240,BrandA Real,Personal Care,BrandD,52.45,85.49,38.65,33.03999999999999,Budget
P0241,BrandA Town,Personal Care,BrandC,150.43,195.47,23.04,45.03999999999999,Mid-Range
P0242,BrandB Report,Electronics,BrandA,108.47,138.25,21.54,29.78,Budget
P0243,BrandC Who,Home & Kitchen,BrandD,51.07,62.91,18.82,11.839999999999996,Budget
P0244,BrandB Walk,Apparel,BrandB,153.24,258.97,40.83,105.73000000000002,Mid-Range
P0245,BrandB We,Personal Care,BrandD,152.12,271.37,43.94,119.25,Mid-Range
P0246,BrandD Social,Home & Kitchen,BrandC,34.44,40.0,13.9,5.560000000000002,Budget
P0247,BrandD Hundred,Home & Kitchen,BrandC,120.33,170.48,29.42,50.14999999999999,Mid-Range
P0248,BrandA Teacher,Home & Kitchen,BrandD,93.12,107.2,13.13,14.079999999999998,Budget
P0249,BrandC Firm,Electronics,BrandA,124.93,194.44,35.75,69.50999999999999,Mid-Range
P0250,BrandD Hard,Electronics,BrandD,182.26,294.26,38.06,112.0,Mid-Range
P0251,BrandB Task,Home & Kitchen,BrandD,102.77,201.63,49.03,98.86,Mid-Range
P0252,BrandD Do,Electronics,BrandC,196.57,231.15,14.96,34.58000000000001,Mid-Range
P0253,BrandB Someone,Electronics,BrandB,142.99,284.82,49.8,141.82999999999998,Mid-Range
P0254,BrandB Least,Home & Kitchen,BrandC,184.0,266.56,30.97,82.56,Mid-Range
P0255,BrandC Exactly,Electronics,BrandC,17.85,21.15,15.6,3.299999999999997,Budget
P0256,BrandD Now,Home & Kitchen,BrandC,146.13,247.09,40.86,100.96000000000001,Mid-Range
P0257,BrandB Mean,Home & Kitchen,BrandA,118.63,145.59,18.52,26.960000000000008,Budget
P0258,BrandC Rise,Home & Kitchen,BrandD,30.15,52.4,42.46,22.25,Budget
P0259,BrandA Current,Home & Kitchen,BrandD,130.48,182.1,28.35,51.620000000000005,Mid-Range
P0260,BrandB Thought,Electronics,BrandD,104.16,116.29,10.43,12.13000000000001,Budget
P0261,BrandC Serve,Apparel,BrandB,71.64,128.2,44.12,56.55999999999999,Budget
P0262,BrandB Speak,Apparel,BrandB,35.21,48.1,26.8,12.89,Budget
P0263,BrandA Candidate,Electronics,BrandC,175.9,291.33,39.62,115.42999999999998,Mid-Range
P0264,BrandD Pretty,Apparel,BrandB,40.26,69.39,41.98,29.130000000000003,Budget
P0265,BrandB Line,Personal Care,BrandA,85.12,145.45,41.48,60.329999999999984,Budget
P0266,BrandB Often,Personal Care,BrandC,151.72,273.92,44.61,122.20000000000002,Mid-Range
P0267,BrandB Edge,Apparel,BrandC,193.29,349.07,44.63,155.78,Premium
P0268,BrandB Reason,Home & Kitchen,BrandD,95.03,128.63,26.12,33.599999999999994,Budget
P0269,BrandD Give,Personal Care,BrandB,164.29,299.19,45.09,134.9,Mid-Range
P0270,BrandB Person,Home & Kitchen,BrandA,130.03,245.33,47.0,115.30000000000001,Mid-Range
P0271,BrandA How,Electronics,BrandC,21.36,26.58,19.64,5.219999999999999,Budget
P0272,BrandD Political,Apparel,BrandD,22.88,43.92,47.91,21.040000000000003,Budget
P0273,BrandD Continue,Home & Kitchen,BrandA,85.9,125.14,31.36,39.239999999999995,Budget
P0274,BrandC Upon,Apparel,BrandD,198.93,285.95,30.43,87.01999999999998,Mid-Range
P0275,BrandA Similar,Home & Kitchen,BrandA,168.64,284.15,40.65,115.50999999999999,Mid-Range
P0276,BrandB Near,Apparel,BrandA,60.94,112.54,45.85,51.60000000000001,Budget
P0277,BrandB Management,Personal Care,BrandD,124.99,239.39,47.79,114.39999999999999,Mid-Range
P0278,BrandA Tough,Home & Kitchen,BrandB,167.82,267.49,37.26,99.67000000000002,Mid-Range
P0279,BrandD Significant,Electronics,BrandC,51.34,62.1,17.33,10.759999999999998,Budget
P0280,BrandB Itself,Personal Care,BrandD,17.25,31.96,46.03,14.71,Budget
P0281,BrandD Force,Electronics,BrandB,145.12,197.67,26.58,52.54999999999998,Mid-Range
P0282,BrandA Where,Home & Kitchen,BrandB,116.28,147.51,21.17,31.22999999999999,Budget
P0283,BrandA Outside,Home & Kitchen,BrandA,190.91,303.48,37.09,112.57000000000002,Premium
P0284,BrandA Become,Personal Care,BrandD,13.49,19.54,30.96,6.049999999999999,Budget
P0285,BrandC Everybody,Home & Kitchen,BrandA,74.63,86.63,13.85,12.0,Budget
P0286,BrandB Film,Electronics,BrandC,31.01,43.94,29.43,12.929999999999996,Budget
P0287,BrandC Arm,Apparel,BrandD,196.26,300.41,34.67,104.15000000000003,Premium
P0288,BrandB Owner,Apparel,BrandA,144.63,281.92,48.7,137.29000000000002,Mid-Range
P0289,BrandA Toward,Home & Kitchen,BrandB,13.54,17.32,21.82,3.780000000000001,Budget
P0290,BrandA Ball,Home & Kitchen,BrandC,105.5,209.97,49.75,104.47,Mid-Range
P0291,BrandD Memory,Home & Kitchen,BrandA,151.89,193.2,21.38,41.31,Mid-Range
P0292,BrandC Use,Electronics,BrandC,58.28,106.04,45.04,47.760000000000005,Budget
P0293,BrandD President,Personal Care,BrandD,179.45,259.84,30.94,80.38999999999999,Mid-Range
P0294,BrandB Whatever,Personal Care,BrandD,76.63,139.28,44.98,62.650000000000006,Budget
P0295,BrandC Right,Electronics,BrandD,20.39,33.48,39.1,13.089999999999996,Budget
P0296,BrandB Popular,Home & Kitchen,BrandC,25.01,34.89,28.32,9.879999999999999,Budget
P0297,BrandC Staff,Home & Kitchen,BrandD,122.51,181.74,32.59,59.230000000000004,Mid-Range
P0298,BrandD Open,Home & Kitchen,BrandD,13.26,24.97,46.9,11.709999999999999,Budget
P0299,BrandC Involve,Personal Care,BrandC,129.7,235.06,44.82,105.36000000000001,Mid-Range
P0300,BrandA Still,Electronics,BrandD,75.85,138.12,45.08,62.27000000000001,Budget
P0301,BrandB Those,Electronics,BrandB,170.49,291.59,41.53,121.09999999999997,Mid-Range
P0302,BrandD Player,Electronics,BrandB,18.11,32.61,44.46,14.5,Budget
P0303,BrandC Blood,Home & Kitchen,BrandD,190.15,214.71,11.44,24.560000000000002,Mid-Range
P0304,BrandB Treatment,Personal Care,BrandC,77.54,138.55,44.03,61.010000000000005,Budget
P0305,BrandB Best,Home & Kitchen,BrandD,66.31,89.57,25.97,23.25999999999999,Budget
P0306,BrandA Federal,Electronics,BrandB,102.31,148.17,30.95,45.859999999999985,Budget
P0307,BrandA Him,Home & Kitchen,BrandC,142.29,184.0,22.67,41.71000000000001,Mid-Range
P0308,BrandC Adult,Personal Care,BrandB,28.91,53.99,46.45,25.080000000000002,Budget
P0309,BrandD Partner,Apparel,BrandD,199.47,364.92,45.34,165.45000000000002,Premium
P0310,BrandC Policy,Home & Kitchen,BrandA,112.25,152.81,26.54,40.56,Mid-Range
P0311,BrandC Sign,Apparel,BrandB,159.77,248.9,35.81,89.13,Mid-Range
P0312,BrandA Already,Apparel,BrandB,51.16,79.02,35.26,27.86,Budget
P0313,BrandC Trial,Home & Kitchen,BrandD,161.71,258.17,37.36,96.46000000000001,Mid-Range
P0314,BrandA Check,Electronics,BrandC,82.64,144.23,42.7,61.58999999999999,Budget
P0315,BrandD Gas,Personal Care,BrandD,165.55,193.09,14.26,27.539999999999992,Mid-Range
P0316,BrandC Start,Electronics,BrandD,95.84,150.05,36.13,54.21000000000001,Mid-Range
P0317,BrandB None,Apparel,BrandB,89.36,171.54,47.91,82.17999999999999,Mid-Range
P0318,BrandA Mean,Electronics,BrandB,64.3,80.1,19.73,15.799999999999997,Budget
P0319,BrandB Role,Home & Kitchen,BrandC,169.96,225.29,24.56,55.329999999999984,Mid-Range
P0320,BrandC Summer,Apparel,BrandC,124.81,147.79,15.55,22.97999999999999,Budget
P0321,BrandB Usually,Apparel,BrandD,133.45,233.35,42.81,99.9,Mid-Range
P0322,BrandC Tree,Electronics,BrandA,20.84,40.71,48.81,19.87,Budget
P0323,BrandC Rate,Apparel,BrandD,125.53,141.5,11.29,15.969999999999999,Budget
P0324,BrandC Somebody,Home & Kitchen,BrandD,52.75,96.35,45.25,43.599999999999994,Budget
P0325,BrandD Religious,Home & Kitchen,BrandD,19.23,22.19,13.34,2.960000000000001,Budget
P0326,BrandD Half,Personal Care,BrandD,95.57,134.39,28.89,38.81999999999999,Budget
P0327,BrandB Head,Home & Kitchen,BrandC,148.17,277.77,46.66,129.6,Mid-Range
P0328,BrandD Worry,Apparel,BrandC,105.42,126.04,16.36,20.620000000000005,Budget
P0329,BrandB Build,Personal Care,BrandA,57.16,75.63,24.42,18.47,Budget
P0330,BrandA Trouble,Electronics,BrandC,189.35,355.55,46.74,166.20000000000002,Premium
P0331,BrandD Machine,Apparel,BrandB,163.63,317.5,48.46,153.87,Premium
P0332,BrandC Number,Apparel,BrandD,102.16,159.7,36.03,57.53999999999999,Mid-Range
P0333,BrandD Something,Home & Kitchen,BrandD,9.52,18.57,48.73,9.05,Budget
P0334,BrandD While,Apparel,BrandB,118.75,135.83,12.57,17.080000000000013,Budget
P0335,BrandC Environment,Personal Care,BrandD,60.72,67.24,9.7,6.519999999999996,Budget
P0336,BrandA Feel,Personal Care,BrandB,177.08,310.73,43.01,133.65,Premium
P0337,BrandD Turn,Home & Kitchen,BrandA,83.11,134.08,38.01,50.97000000000001,Budget
P0338,BrandB Read,Home & Kitchen,BrandC,19.34,30.05,35.64,10.71,Budget
P0339,BrandC Lawyer,Electronics,BrandB,195.14,283.83,31.25,88.69,Mid-Range
P0340,BrandC Group,Home & Kitchen,BrandB,43.82,68.28,35.82,24.46,Budget
P0341,BrandA Now,Electronics,BrandA,31.72,44.4,28.56,12.68,Budget
P0342,BrandD Church,Personal Care,BrandD,123.22,192.71,36.06,69.49000000000001,Mid-Range
P0343,BrandC Computer,Home & Kitchen,BrandB,81.63,135.09,39.57,53.46000000000001,Budget
P0344,BrandC Including,Home & Kitchen,BrandD,143.2,196.16,27.0,52.96000000000001,Mid-Range
P0345,BrandA Model,Home & Kitchen,BrandC,136.39,270.31,49.54,133.92000000000002,Mid-Range
P0346,BrandC And,Electronics,BrandD,56.78,95.96,40.83,39.17999999999999,Budget
P0347,BrandB Camera,Electronics,BrandD,38.25,63.73,39.98,25.479999999999997,Budget
P0348,BrandD Sport,Apparel,BrandB,11.16,21.8,48.81,10.64,Budget
P0349,BrandA Base,Apparel,BrandA,91.0,134.4,32.29,43.400000000000006,Budget
P0350,BrandD Either,Apparel,BrandD,102.85,169.74,39.41,66.89000000000001,Mid-Range
P0351,BrandD Debate,Electronics,BrandB,106.14,170.33,37.69,64.19000000000001,Mid-Range
P0352,BrandD Place,Personal Care,BrandC,191.55,289.95,33.94,98.39999999999998,Mid-Range
P0353,BrandC Might,Home & Kitchen,BrandC,123.96,157.81,21.45,33.85000000000001,Mid-Range
P0354,BrandB Memory,Home & Kitchen,BrandD,48.85,96.51,49.38,47.660000000000004,Budget
P0355,BrandC Part,Home & Kitchen,BrandD,139.6,215.0,35.07,75.4,Mid-Range
P0356,BrandD Interest,Home & Kitchen,BrandC,61.12,98.78,38.13,37.660000000000004,Budget
P0357,BrandD Animal,Personal Care,BrandC,191.15,348.69,45.18,157.54,Premium
P0358,BrandC Fight,Electronics,BrandD,191.29,224.02,14.61,32.73000000000002,Mid-Range
P0359,BrandD Machine,Home & Kitchen,BrandD,46.73,86.22,45.8,39.49,Budget
P0360,BrandC Table,Home & Kitchen,BrandB,26.3,46.47,43.4,20.169999999999998,Budget
P0361,BrandB Mrs,Apparel,BrandA,135.62,214.0,36.63,78.38,Mid-Range
P0362,BrandB Understand,Electronics,BrandD,85.59,149.41,42.71,63.81999999999999,Budget
P0363,BrandA Benefit,Apparel,BrandA,193.08,382.32,49.5,189.23999999999998,Premium
P0364,BrandB Evidence,Personal Care,BrandD,98.1,125.52,21.85,27.42,Budget
P0365,BrandC Through,Home & Kitchen,BrandC,130.95,251.05,47.84,120.10000000000002,Mid-Range
P0366,BrandA Yeah,Apparel,BrandA,183.08,230.23,20.48,47.14999999999998,Mid-Range
P0367,BrandB Why,Electronics,BrandD,158.65,201.12,21.12,42.47,Mid-Range
P0368,BrandC Major,Electronics,BrandA,63.19,103.79,39.12,40.60000000000001,Budget
P0369,BrandC Piece,Home & Kitchen,BrandD,197.87,314.41,37.07,116.54000000000002,Premium
P0370,BrandD Economy,Apparel,BrandD,58.2,106.39,45.3,48.19,Budget
P0371,BrandC Range,Apparel,BrandD,131.42,229.56,42.75,98.14000000000001,Mid-Range
P0372,BrandA Or,Home & Kitchen,BrandC,115.72,206.16,43.87,90.44,Mid-Range
P0373,BrandB Environment,Personal Care,BrandD,105.48,124.26,15.11,18.78,Budget
P0374,BrandA Generation,Apparel,BrandB,98.1,190.53,48.51,92.43,Mid-Range
P0375,BrandA Research,Home & Kitchen,BrandD,50.93,90.57,43.77,39.63999999999999,Budget
P0376,BrandC Hard,Home & Kitchen,BrandA,56.0,79.72,29.75,23.72,Budget
P0377,BrandB Set,Electronics,BrandD,95.75,119.09,19.6,23.340000000000003,Budget
P0378,BrandC Himself,Electronics,BrandC,76.67,99.58,23.01,22.909999999999997,Budget
P0379,BrandB Outside,Personal Care,BrandB,93.72,186.5,49.75,92.78,Mid-Range
P0380,BrandC Raise,Personal Care,BrandD,152.68,278.15,45.11,125.46999999999997,Mid-Range
P0381,BrandB Someone,Apparel,BrandA,107.47,169.3,36.52,61.83000000000001,Mid-Range
P0382,BrandC Family,Electronics,BrandA,17.04,27.14,37.21,10.100000000000001,Budget
P0383,BrandB Finally,Apparel,BrandB,68.98,108.18,36.24,39.2,Budget
P0384,BrandA Commercial,Apparel,BrandD,22.73,35.44,35.86,12.709999999999997,Budget
P0385,BrandA Door,Personal Care,BrandB,105.08,158.79,33.82,53.709999999999994,Mid-Range
P0386,BrandA Recent,Personal Care,BrandC,146.04,212.69,31.34,66.65,Mid-Range
P0387,BrandA Happen,Apparel,BrandA,13.83,19.5,29.08,5.67,Budget
P0388,BrandA Scene,Electronics,BrandA,197.3,300.86,34.42,103.56,Premium
P0389,BrandC Occur,Personal Care,BrandB,154.95,277.24,44.11,122.29000000000002,Mid-Range
P0390,BrandD Minute,Home & Kitchen,BrandD,92.46,178.02,48.06,85.56000000000002,Mid-Range
P0391,BrandD Different,Personal Care,BrandA,138.13,234.22,41.03,96.09,Mid-Range
P0392,BrandB Must,Home & Kitchen,BrandA,39.8,63.02,36.85,23.220000000000006,Budget
P0393,BrandB Put,Apparel,BrandA,152.45,301.95,49.51,149.5,Premium
P0394,BrandD Set,Personal Care,BrandD,165.56,219.0,24.4,53.44,Mid-Range
P0395,BrandC Charge,Apparel,BrandC,41.75,78.81,47.02,37.06,Budget
P0396,BrandA Power,Electronics,BrandD,124.91,242.65,48.52,117.74000000000001,Mid-Range
P0397,BrandA Officer,Apparel,BrandB,18.12,29.62,38.83,11.5,Budget
P0398,BrandD Always,Electronics,BrandB,149.41,218.44,31.6,69.03,Mid-Range
P0399,BrandB Figure,Apparel,BrandA,32.33,64.47,49.85,32.14,Budget
P0400,BrandB Window,Home & Kitchen,BrandC,51.2,96.7,47.05,45.5,Budget
P0401,BrandB While,Personal Care,BrandC,58.66,93.92,37.54,35.260000000000005,Budget
P0402,BrandB Few,Personal Care,BrandD,14.14,19.94,29.09,5.800000000000001,Budget
P0403,BrandD Official,Home & Kitchen,BrandD,84.61,115.91,27.0,31.299999999999997,Budget
P0404,BrandB Recognize,Personal Care,BrandB,170.62,233.86,27.04,63.24000000000001,Mid-Range
P0405,BrandB Charge,Personal Care,BrandA,114.67,226.02,49.27,111.35000000000001,Mid-Range
P0406,BrandB Knowledge,Personal Care,BrandB,54.72,76.46,28.43,21.739999999999995,Budget
P0407,BrandA Purpose,Personal Care,BrandC,23.03,40.35,42.92,17.32,Budget
P0408,BrandB Traditional,Electronics,BrandC,78.55,129.17,39.19,50.61999999999999,Budget
P0409,BrandA Technology,Electronics,BrandB,161.91,263.72,38.61,101.81000000000003,Mid-Range
P0410,BrandB Much,Personal Care,BrandB,174.55,244.31,28.55,69.75999999999999,Mid-Range
P0411,BrandA Policy,Apparel,BrandD,192.61,232.21,17.05,39.599999999999994,Mid-Range
P0412,BrandD I,Apparel,BrandB,82.34,108.31,23.98,25.97,Budget
P0413,BrandC Sell,Home & Kitchen,BrandD,95.92,161.51,40.61,65.58999999999999,Mid-Range
P0414,BrandC Both,Home & Kitchen,BrandC,105.0,162.49,35.38,57.49000000000001,Mid-Range
P0415,BrandA Analysis,Personal Care,BrandC,183.29,262.77,30.25,79.47999999999999,Mid-Range
P0416,BrandD Central,Electronics,BrandB,149.54,166.68,10.28,17.140000000000015,Mid-Range
P0417,BrandD Its,Home & Kitchen,BrandB,43.26,56.54,23.49,13.280000000000001,Budget
P0418,BrandB Including,Personal Care,BrandC,55.18,101.5,45.64,46.32,Budget
P0419,BrandD Build,Personal Care,BrandB,147.89,209.55,29.42,61.660000000000025,Mid-Range
P0420,BrandB Particular,Personal Care,BrandB,183.8,291.86,37.02,108.06,Mid-Range
P0421,BrandA Necessary,Electronics,BrandA,189.31,322.09,41.22,132.77999999999997,Premium
P0422,BrandA Rate,Personal Care,BrandB,169.3,221.49,23.56,52.19,Mid-Range
P0423,BrandB Community,Electronics,BrandD,103.62,148.79,30.36,45.16999999999999,Budget
P0424,BrandD First,Personal Care,BrandA,6.29,10.04,37.35,3.749999999999999,Budget
P0425,BrandA Step,Electronics,BrandC,109.47,148.66,26.36,39.19,Budget
P0426,BrandD Author,Apparel,BrandA,184.02,289.27,36.38,105.24999999999997,Mid-Range
P0427,BrandB Author,Apparel,BrandD,163.97,219.82,25.41,55.849999999999994,Mid-Range
P0428,BrandD Less,Electronics,BrandC,192.06,290.61,33.91,98.55000000000001,Mid-Range
P0429,BrandB Watch,Apparel,BrandC,138.39,257.83,46.33,119.44,Mid-Range
P0430,BrandA Place,Electronics,BrandD,78.96,126.13,37.4,47.17,Budget
P0431,BrandA Agree,Electronics,BrandB,21.12,39.3,46.26,18.179999999999996,Budget
P0432,BrandC Movement,Electronics,BrandA,49.8,95.18,47.68,45.38000000000001,Budget
P0433,BrandD Determine,Home & Kitchen,BrandA,185.21,317.82,41.72,132.60999999999999,Premium
P0434,BrandC Follow,Electronics,BrandB,186.11,257.4,27.7,71.28999999999996,Mid-Range
P0435,BrandB Team,Apparel,BrandD,186.13,254.88,26.97,68.75,Mid-Range
P0436,BrandB Pay,Personal Care,BrandC,79.85,141.0,43.37,61.150000000000006,Budget
P0437,BrandA Many,Home & Kitchen,BrandA,24.05,31.48,23.6,7.43,Budget
P0438,BrandA Raise,Home & Kitchen,BrandD,193.94,270.3,28.25,76.36000000000001,Mid-Range
P0439,BrandC Address,Personal Care,BrandD,49.49,79.07,37.41,29.57999999999999,Budget
P0440,BrandD Return,Personal Care,BrandB,137.54,233.08,40.99,95.54000000000002,Mid-Range
P0441,BrandA Remember,Home & Kitchen,BrandB,144.06,169.1,14.81,25.039999999999992,Mid-Range
P0442,BrandB Young,Personal Care,BrandB,149.23,206.69,27.8,57.46000000000001,Mid-Range
P0443,BrandA Bed,Electronics,BrandA,188.88,283.37,33.35,94.49000000000001,Mid-Range
P0444,BrandC Choice,Electronics,BrandB,22.02,32.76,32.78,10.739999999999998,Budget
P0445,BrandD Show,Electronics,BrandA,22.48,35.94,37.45,13.459999999999997,Budget
P0446,BrandC Whole,Personal Care,BrandA,61.91,89.71,30.99,27.799999999999997,Budget
P0447,BrandA About,Apparel,BrandB,138.64,173.65,20.16,35.01000000000002,Mid-Range
P0448,BrandC Letter,Home & Kitchen,BrandC,101.16,117.04,13.57,15.88000000000001,Budget
P0449,BrandD What,Home & Kitchen,BrandD,63.45,114.49,44.58,51.03999999999999,Budget
P0450,BrandC Base,Home & Kitchen,BrandB,145.58,225.1,35.33,79.51999999999998,Mid-Range
P0451,BrandB Sell,Personal Care,BrandA,31.42,34.75,9.58,3.3299999999999983,Budget
P0452,BrandD Happen,Home & Kitchen,BrandD,161.79,225.95,28.4,64.16,Mid-Range
P0453,BrandC Down,Personal Care,BrandB,63.58,104.45,39.13,40.870000000000005,Budget
P0454,BrandB Performance,Personal Care,BrandC,39.64,57.81,31.43,18.17,Budget
P0455,BrandC Back,Home & Kitchen,BrandD,193.71,349.41,44.56,155.70000000000002,Premium
P0456,BrandC Leg,Personal Care,BrandC,164.22,238.72,31.21,74.5,Mid-Range
P0457,BrandA Resource,Apparel,BrandB,137.93,220.01,37.31,82.07999999999998,Mid-Range
P0458,BrandD Force,Apparel,BrandD,160.55,296.72,45.89,136.17000000000002,Mid-Range
P0459,BrandA Me,Personal Care,BrandD,32.14,44.11,27.14,11.969999999999999,Budget
P0460,BrandC Miss,Apparel,BrandD,158.87,185.33,14.28,26.460000000000008,Mid-Range
P0461,BrandD Training,Personal Care,BrandD,111.01,201.11,44.8,90.10000000000001,Mid-Range
P0462,BrandC Ever,Electronics,BrandA,154.95,262.15,40.89,107.19999999999999,Mid-Range
P0463,BrandC Front,Apparel,BrandA,114.83,192.98,40.5,78.14999999999999,Mid-Range
P0464,BrandD Receive,Home & Kitchen,BrandD,25.66,30.5,15.87,4.84,Budget
P0465,BrandB Exist,Apparel,BrandD,77.95,118.23,34.07,40.28,Budget
P0466,BrandB Ok,Home & Kitchen,BrandA,99.14,135.41,26.79,36.269999999999996,Budget
P0467,BrandA Performance,Electronics,BrandB,72.92,102.73,29.02,29.810000000000002,Budget
P0468,BrandB Forget,Personal Care,BrandC,97.85,146.22,33.08,48.370000000000005,Budget
P0469,BrandD Keep,Home & Kitchen,BrandA,63.55,116.24,45.33,52.69,Budget
P0470,BrandA Site,Electronics,BrandC,131.35,224.53,41.5,93.18,Mid-Range
P0471,BrandB Back,Apparel,BrandB,112.62,157.43,28.46,44.81,Mid-Range
P0472,BrandD Wear,Personal Care,BrandB,160.56,267.62,40.0,107.06,Mid-Range
P0473,BrandB Ever,Personal Care,BrandD,10.69,17.67,39.5,6.980000000000002,Budget
P0474,BrandB Condition,Personal Care,BrandD,80.82,140.16,42.34,59.34,Budget
P0475,BrandB Particular,Home & Kitchen,BrandA,117.58,213.94,45.04,96.36,Mid-Range
P0476,BrandB Course,Home & Kitchen,BrandC,43.43,52.23,16.85,8.799999999999997,Budget
P0477,BrandD Attorney,Home & Kitchen,BrandD,124.21,202.25,38.59,78.04,Mid-Range
P0478,BrandC Window,Home & Kitchen,BrandD,125.39,229.76,45.43,104.36999999999999,Mid-Range
P0479,BrandC Bed,Electronics,BrandB,66.07,86.86,23.94,20.790000000000006,Budget
P0480,BrandA Glass,Apparel,BrandC,140.22,218.71,35.89,78.49000000000001,Mid-Range
P0481,BrandD According,Apparel,BrandD,87.49,134.56,34.98,47.07000000000001,Budget
P0482,BrandB Reach,Apparel,BrandD,61.32,77.78,21.16,16.46,Budget
P0483,BrandD Buy,Electronics,BrandC,190.61,292.81,34.9,102.19999999999999,Mid-Range
P0484,BrandB Effect,Personal Care,BrandD,84.78,130.78,35.17,46.0,Budget
P0485,BrandD Political,Personal Care,BrandB,21.12,23.82,11.34,2.6999999999999993,Budget
P0486,BrandB Into,Home & Kitchen,BrandA,58.6,92.81,36.86,34.21,Budget
P0487,BrandB Will,Personal Care,BrandD,112.2,134.85,16.8,22.64999999999999,Budget
P0488,BrandA Executive,Home & Kitchen,BrandC,110.7,197.17,43.86,86.46999999999998,Mid-Range
P0489,BrandD Girl,Apparel,BrandD,24.97,46.12,45.86,21.15,Budget
P0490,BrandB Five,Home & Kitchen,BrandA,92.7,131.05,29.26,38.35000000000001,Budget
P0491,BrandA Chance,Personal Care,BrandA,156.25,205.2,23.85,48.94999999999999,Mid-Range
P0492,BrandC Administration,Personal Care,BrandB,125.15,226.07,44.64,100.91999999999999,Mid-Range
P0493,BrandB Lay,Electronics,BrandC,108.79,178.11,38.92,69.32000000000001,Mid-Range
P0494,BrandB Reveal,Home & Kitchen,BrandC,61.42,82.34,25.41,20.92,Budget
P0495,BrandA Never,Apparel,BrandD,184.16,367.07,49.83,182.91,Premium
P0496,BrandB Where,Apparel,BrandB,33.52,46.59,28.05,13.07,Budget
P0497,BrandB Country,Personal Care,BrandD,32.72,54.61,40.08,21.89,Budget
P0498,BrandD South,Personal Care,BrandD,19.73,35.81,44.9,16.080000000000002,Budget
P0499,BrandA Author,Personal Care,BrandC,140.47,265.43,47.08,124.96000000000001,Mid-Range
P0500,BrandD What,Personal Care,BrandC,118.48,222.98,46.87,104.49999999999999,Mid-Range
P0501,BrandA Book,Personal Care,BrandC,170.77,310.14,44.94,139.36999999999998,Premium
P0502,BrandD Hard,Apparel,BrandD,165.85,256.28,35.29,90.42999999999998,Mid-Range
P0503,BrandC Entire,Home & Kitchen,BrandC,111.73,136.04,17.87,24.309999999999988,Budget
P0504,BrandD Nice,Home & Kitchen,BrandA,13.96,23.22,39.88,9.259999999999998,Budget
P0505,BrandD Again,Electronics,BrandA,186.24,231.34,19.5,45.099999999999994,Mid-Range
P0506,BrandD Suggest,Electronics,BrandD,44.45,76.44,41.85,31.989999999999995,Budget
P0507,BrandB Prepare,Home & Kitchen,BrandB,175.51,331.53,47.06,156.01999999999998,Premium
P0508,BrandA Scientist,Home & Kitchen,BrandC,21.07,35.78,41.11,14.71,Budget
P0509,BrandB Offer,Electronics,BrandD,126.99,222.66,42.97,95.67,Mid-Range
P0510,BrandB Structure,Personal Care,BrandA,142.22,156.58,9.17,14.360000000000014,Mid-Range
P0511,BrandD Certainly,Electronics,BrandB,120.77,189.31,36.21,68.54,Mid-Range
P0512,BrandD Once,Electronics,BrandA,140.64,258.13,45.52,117.49000000000001,Mid-Range
P0513,BrandD Yet,Apparel,BrandD,18.81,27.18,30.79,8.370000000000001,Budget
P0514,BrandA Federal,Electronics,BrandC,76.67,104.99,26.97,28.319999999999993,Budget
P0515,BrandD Range,Apparel,BrandB,18.34,29.47,37.77,11.129999999999999,Budget
P0516,BrandB Great,Personal Care,BrandC,145.87,242.91,39.95,97.03999999999999,Mid-Range
P0517,BrandB Police,Personal Care,BrandD,172.69,203.43,15.11,30.74000000000001,Mid-Range
P0518,BrandA War,Apparel,BrandA,119.97,173.43,30.83,53.46000000000001,Mid-Range
P0519,BrandD Cup,Home & Kitchen,BrandB,53.32,89.59,40.48,36.27,Budget
P0520,BrandB Blue,Home & Kitchen,BrandA,170.34,288.31,40.92,117.97,Mid-Range
P0521,BrandC Head,Apparel,BrandB,150.83,206.03,26.79,55.19999999999999,Mid-Range
P0522,BrandA Citizen,Apparel,BrandD,80.25,105.69,24.07,25.439999999999998,Budget
P0523,BrandA Director,Electronics,BrandD,187.12,228.06,17.95,40.94,Mid-Range
P0524,BrandD See,Home & Kitchen,BrandB,153.73,301.16,48.95,147.43000000000004,Premium
P0525,BrandA Democratic,Electronics,BrandA,7.69,9.95,22.71,2.259999999999999,Budget
P0526,BrandA Arrive,Personal Care,BrandC,127.57,197.85,35.52,70.28,Mid-Range
P0527,BrandD Decide,Personal Care,BrandD,21.07,33.35,36.82,12.280000000000001,Budget
P0528,BrandB Evening,Home & Kitchen,BrandA,65.43,102.08,35.9,36.64999999999999,Budget
P0529,BrandB Hope,Apparel,BrandC,81.19,135.66,40.15,54.47,Budget
P0530,BrandA Firm,Home & Kitchen,BrandD,147.34,274.32,46.29,126.97999999999999,Mid-Range
P0531,BrandA Week,Apparel,BrandA,185.3,223.17,16.97,37.869999999999976,Mid-Range
P0532,BrandA Candidate,Home & Kitchen,BrandB,28.29,49.14,42.43,20.85,Budget
P0533,BrandA Become,Apparel,BrandD,190.84,299.75,36.33,108.91,Mid-Range
P0534,BrandC Region,Apparel,BrandC,29.75,53.64,44.54,23.89,Budget
P0535,BrandC Produce,Electronics,BrandA,70.33,104.54,32.72,34.21000000000001,Budget
P0536,BrandA Live,Home & Kitchen,BrandA,101.75,158.7,35.89,56.94999999999999,Mid-Range
P0537,BrandA Someone,Personal Care,BrandB,76.7,101.98,24.79,25.28,Budget
P0538,BrandA Read,Electronics,BrandB,149.45,164.74,9.28,15.29000000000002,Mid-Range
P0539,BrandA Painting,Apparel,BrandA,96.99,140.12,30.78,43.13000000000001,Budget
P0540,BrandB As,Apparel,BrandA,112.81,216.88,47.99,104.07,Mid-Range
P0541,BrandD Tough,Apparel,BrandC,53.41,102.78,48.03,49.370000000000005,Budget
P0542,BrandC Drop,Home & Kitchen,BrandA,116.45,140.61,17.18,24.16000000000001,Budget
P0543,BrandA Look,Apparel,BrandB,161.85,320.99,49.58,159.14000000000001,Premium
P0544,BrandD Available,Electronics,BrandD,173.88,312.32,44.33,138.44,Premium
P0545,BrandC As,Home & Kitchen,BrandA,112.85,124.94,9.68,12.090000000000003,Budget
P0546,BrandB Hospital,Home & Kitchen,BrandC,149.22,196.72,24.15,47.5,Mid-Range
P0547,BrandC Dark,Personal Care,BrandB,147.83,235.33,37.18,87.5,Mid-Range
P0548,BrandB Note,Apparel,BrandA,186.82,209.52,10.83,22.700000000000017,Mid-Range
P0549,BrandC Drop,Electronics,BrandC,5.29,8.95,40.89,3.6599999999999993,Budget
P0550,BrandC Wish,Electronics,BrandB,108.31,142.36,23.92,34.05000000000001,Budget
P0551,BrandD Condition,Electronics,BrandB,143.77,170.18,15.52,26.409999999999997,Mid-Range
P0552,BrandB President,Personal Care,BrandC,94.4,167.38,43.6,72.97999999999999,Mid-Range
P0553,BrandA Shoulder,Apparel,BrandD,19.59,31.56,37.93,11.969999999999999,Budget
P0554,BrandD Simple,Apparel,BrandB,61.88,115.46,46.41,53.57999999999999,Budget
P0555,BrandD Institution,Home & Kitchen,BrandC,93.29,122.23,23.68,28.939999999999998,Budget
P0556,BrandB Agent,Apparel,BrandA,35.31,44.06,19.86,8.75,Budget
P0557,BrandD Name,Home & Kitchen,BrandD,28.54,40.6,29.7,12.060000000000002,Budget
P0558,BrandB Specific,Personal Care,BrandC,95.35,178.04,46.44,82.69,Mid-Range
P0559,BrandA Character,Apparel,BrandC,166.15,286.97,42.1,120.82000000000002,Mid-Range
P0560,BrandA Effort,Apparel,BrandC,33.92,59.02,42.53,25.1,Budget
P0561,BrandC Several,Personal Care,BrandA,137.05,182.85,25.05,45.79999999999998,Mid-Range
P0562,BrandB Charge,Electronics,BrandD,171.65,274.7,37.51,103.04999999999998,Mid-Range
P0563,BrandB Require,Electronics,BrandD,24.87,45.12,44.88,20.249999999999996,Budget
P0564,BrandA Eat,Electronics,BrandA,166.92,331.22,49.6,164.30000000000004,Premium
P0565,BrandB Sister,Apparel,BrandD,77.59,129.36,40.02,51.77000000000001,Budget
P0566,BrandA Now,Home & Kitchen,BrandA,9.25,10.71,13.63,1.4600000000000009,Budget
P0567,BrandD Them,Apparel,BrandA,181.49,335.11,45.84,153.62,Premium
P0568,BrandC Person,Electronics,BrandA,188.74,216.22,12.71,27.47999999999999,Mid-Range
P0569,BrandD Loss,Personal Care,BrandD,10.75,18.44,41.7,7.690000000000001,Budget
P0570,BrandB Marriage,Home & Kitchen,BrandD,182.12,245.4,25.79,63.28,Mid-Range
P0571,BrandD Enough,Apparel,BrandA,124.75,206.5,39.59,81.75,Mid-Range
P0572,BrandC Responsibility,Personal Care,BrandD,177.14,271.22,34.69,94.08000000000004,Mid-Range
P0573,BrandA Think,Home & Kitchen,BrandD,31.76,40.64,21.85,8.879999999999999,Budget
P0574,BrandB Little,Electronics,BrandD,157.47,224.11,29.74,66.64000000000001,Mid-Range
P0575,BrandD Help,Home & Kitchen,BrandC,80.73,101.87,20.75,21.14,Budget
P0576,BrandC Floor,Apparel,BrandA,179.67,323.53,44.47,143.85999999999999,Premium
P0577,BrandA Only,Personal Care,BrandC,154.53,309.01,49.99,154.48,Premium
P0578,BrandB Recent,Electronics,BrandB,133.09,178.32,25.36,45.22999999999999,Mid-Range
P0579,BrandA See,Apparel,BrandD,74.19,137.64,46.1,63.44999999999999,Budget
P0580,BrandB Foot,Apparel,BrandB,120.54,220.06,45.22,99.52,Mid-Range
P0581,BrandC Quality,Electronics,BrandC,189.77,305.01,37.78,115.23999999999998,Premium
P0582,BrandB Name,Personal Care,BrandC,39.23,44.49,11.82,5.260000000000005,Budget
P0583,BrandA History,Apparel,BrandB,8.89,13.6,34.63,4.709999999999999,Budget
P0584,BrandC Military,Apparel,BrandB,71.45,90.01,20.62,18.560000000000002,Budget
P0585,BrandC Bill,Electronics,BrandA,33.8,58.62,42.34,24.82,Budget
P0586,BrandB And,Electronics,BrandC,192.31,276.2,30.37,83.88999999999999,Mid-Range
P0587,BrandD Offer,Electronics,BrandC,63.84,78.06,18.22,14.219999999999999,Budget
P0588,BrandB Economy,Personal Care,BrandD,131.59,165.38,20.43,33.78999999999999,Mid-Range
P0589,BrandC Today,Apparel,BrandB,78.78,138.7,43.2,59.91999999999999,Budget
P0590,BrandC Source,Apparel,BrandB,147.12,287.46,48.82,140.33999999999997,Mid-Range
P0591,BrandD Them,Electronics,BrandB,122.47,236.24,48.16,113.77000000000001,Mid-Range
P0592,BrandB Conference,Electronics,BrandD,32.43,57.43,43.53,25.0,Budget
P0593,BrandB Specific,Home & Kitchen,BrandC,37.74,71.58,47.28,33.839999999999996,Budget
P0594,BrandA And,Home & Kitchen,BrandD,7.22,9.3,22.37,2.080000000000001,Budget
P0595,BrandA Style,Home & Kitchen,BrandC,158.47,277.06,42.8,118.59,Mid-Range
P0596,BrandA Reveal,Personal Care,BrandD,147.85,291.59,49.3,143.73999999999998,Mid-Range
P0597,BrandD Owner,Personal Care,BrandD,73.49,105.66,30.45,32.17,Budget
P0598,BrandD Interesting,Apparel,BrandD,93.0,169.19,45.03,76.19,Mid-Range
P0599,BrandA Let,Home & Kitchen,BrandA,67.15,131.38,48.89,64.22999999999999,Budget
P0600,BrandA Energy,Home & Kitchen,BrandB,178.15,221.76,19.67,43.609999999999985,Mid-Range
P0601,BrandA Everything,Electronics,BrandC,120.84,199.66,39.48,78.82,Mid-Range
P0602,BrandD Line,Electronics,BrandD,188.78,235.69,19.9,46.91,Mid-Range
P0603,BrandD Make,Apparel,BrandA,24.75,31.8,22.17,7.050000000000001,Budget
P0604,BrandB Fact,Personal Care,BrandC,133.82,183.02,26.88,49.20000000000002,Mid-Range
P0605,BrandA Speak,Electronics,BrandD,116.5,216.21,46.12,99.71000000000001,Mid-Range
P0606,BrandB Fight,Electronics,BrandC,5.74,6.77,15.21,1.0299999999999994,Budget
P0607,BrandD Build,Apparel,BrandA,10.02,12.56,20.22,2.540000000000001,Budget
P0608,BrandC Act,Electronics,BrandD,169.53,233.53,27.41,64.0,Mid-Range
P0609,BrandD Movie,Personal Care,BrandD,179.5,240.26,25.29,60.75999999999999,Mid-Range
P0610,BrandD Education,Apparel,BrandC,177.67,254.51,30.19,76.84,Mid-Range
P0611,BrandD Step,Electronics,BrandC,90.75,121.34,25.21,30.590000000000003,Budget
P0612,BrandC Easy,Electronics,BrandB,151.69,257.98,41.2,106.29000000000002,Mid-Range
P0613,BrandA Day,Home & Kitchen,BrandD,194.29,316.84,38.68,122.54999999999998,Premium
P0614,BrandA Well,Personal Care,BrandD,193.3,332.16,41.81,138.86,Premium
P0615,BrandD Computer,Apparel,BrandD,63.28,92.09,31.28,28.810000000000002,Budget
P0616,BrandA Stock,Apparel,BrandA,190.1,285.94,33.52,95.84,Mid-Range
P0617,BrandB Health,Apparel,BrandB,29.61,43.85,32.47,14.240000000000002,Budget
P0618,BrandD Page,Apparel,BrandB,167.65,223.33,24.93,55.68000000000001,Mid-Range
P0619,BrandA Themselves,Electronics,BrandD,113.49,181.23,37.38,67.74,Mid-Range
P0620,BrandC Trade,Personal Care,BrandA,158.38,263.03,39.79,104.64999999999998,Mid-Range
P0621,BrandD Prepare,Electronics,BrandD,34.18,55.03,37.89,20.85,Budget
P0622,BrandA Staff,Electronics,BrandA,158.22,297.57,46.83,139.35,Mid-Range
P0623,BrandC Cause,Personal Care,BrandC,79.69,122.49,34.94,42.8,Budget
P0624,BrandD Theory,Electronics,BrandB,58.71,72.18,18.66,13.470000000000006,Budget
P0625,BrandD She,Electronics,BrandD,178.47,249.56,28.49,71.09,Mid-Range
P0626,BrandB Public,Electronics,BrandD,184.56,352.02,47.57,167.45999999999998,Premium
P0627,BrandA Civil,Home & Kitchen,BrandC,65.64,122.0,46.2,56.36,Budget
P0628,BrandA Culture,Apparel,BrandB,63.59,112.51,43.48,48.92,Budget
P0629,BrandC Probably,Home & Kitchen,BrandD,122.97,145.15,15.28,22.180000000000007,Budget
P0630,BrandD Partner,Apparel,BrandD,149.48,266.6,43.93,117.12000000000003,Mid-Range
P0631,BrandC Family,Electronics,BrandB,17.8,30.95,42.49,13.149999999999999,Budget
P0632,BrandD Pattern,Apparel,BrandA,38.88,73.39,47.02,34.51,Budget
P0633,BrandB Should,Electronics,BrandB,11.45,13.12,12.73,1.67,Budget
P0634,BrandC Quite,Apparel,BrandC,76.83,116.61,34.11,39.78,Budget
P0635,BrandD Door,Electronics,BrandA,52.18,80.35,35.06,28.169999999999995,Budget
P0636,BrandD White,Apparel,BrandD,119.44,168.98,29.32,49.53999999999999,Mid-Range
P0637,BrandB Involve,Home & Kitchen,BrandA,60.59,87.73,30.94,27.14,Budget
P0638,BrandB Society,Apparel,BrandB,131.24,224.41,41.52,93.16999999999999,Mid-Range
P0639,BrandC Fish,Personal Care,BrandA,173.6,342.07,49.25,168.47,Premium
P0640,BrandA Sort,Personal Care,BrandB,131.24,215.37,39.06,84.13,Mid-Range
P0641,BrandA Activity,Apparel,BrandC,123.63,240.92,48.68,117.28999999999999,Mid-Range
P0642,BrandC Level,Personal Care,BrandD,171.06,258.83,33.91,87.76999999999998,Mid-Range
P0643,BrandB Off,Personal Care,BrandC,137.05,252.43,45.71,115.38,Mid-Range
P0644,BrandD Nearly,Electronics,BrandA,104.75,177.67,41.04,72.91999999999999,Mid-Range
P0645,BrandC Similar,Home & Kitchen,BrandC,138.46,212.34,34.79,73.88,Mid-Range
P0646,BrandC Today,Home & Kitchen,BrandC,172.99,230.95,25.1,57.95999999999998,Mid-Range
P0647,BrandC Almost,Apparel,BrandB,105.87,139.35,24.03,33.47999999999999,Budget
P0648,BrandA Certainly,Personal Care,BrandC,137.75,240.95,42.83,103.19999999999999,Mid-Range
P0649,BrandD Reality,Home & Kitchen,BrandC,181.85,266.25,31.7,84.4,Mid-Range
P0650,BrandA Senior,Apparel,BrandC,146.68,190.7,23.08,44.01999999999998,Mid-Range
P0651,BrandD Board,Home & Kitchen,BrandC,169.86,315.36,46.14,145.5,Premium
P0652,BrandB Product,Home & Kitchen,BrandD,96.8,171.03,43.4,74.23,Mid-Range
P0653,BrandB Method,Home & Kitchen,BrandA,48.34,62.89,23.14,14.549999999999997,Budget
P0654,BrandC Approach,Personal Care,BrandC,77.48,126.06,38.54,48.58,Budget
P0655,BrandD Can,Electronics,BrandD,15.47,25.85,40.15,10.38,Budget
P0656,BrandA Score,Personal Care,BrandB,102.59,192.95,46.83,90.35999999999999,Mid-Range
P0657,BrandD Although,Home & Kitchen,BrandD,15.54,29.04,46.49,13.5,Budget
P0658,BrandB It,Apparel,BrandC,84.79,136.72,37.98,51.92999999999999,Budget
P0659,BrandD Writer,Apparel,BrandC,173.17,218.6,20.78,45.43000000000001,Mid-Range
P0660,BrandA Lose,Personal Care,BrandC,128.05,161.23,20.58,33.17999999999998,Mid-Range
P0661,BrandA Day,Electronics,BrandD,58.34,104.14,43.98,45.8,Budget
P0662,BrandB Writer,Apparel,BrandD,158.12,284.9,44.5,126.77999999999997,Mid-Range
P0663,BrandB Something,Personal Care,BrandD,83.66,164.71,49.21,81.05000000000001,Mid-Range
P0664,BrandD Look,Electronics,BrandA,109.09,191.74,43.11,82.65,Mid-Range
P0665,BrandA Risk,Home & Kitchen,BrandB,8.49,9.37,9.39,0.879999999999999,Budget
P0666,BrandB Congress,Apparel,BrandC,65.86,78.53,16.13,12.670000000000002,Budget
P0667,BrandC Actually,Apparel,BrandA,165.65,226.67,26.92,61.01999999999998,Mid-Range
P0668,BrandC No,Personal Care,BrandC,89.56,153.87,41.8,64.31,Mid-Range
P0669,BrandB Personal,Home & Kitchen,BrandD,75.05,95.28,21.23,20.230000000000004,Budget
P0670,BrandD Modern,Electronics,BrandB,48.74,96.82,49.66,48.07999999999999,Budget
P0671,BrandB Good,Electronics,BrandB,29.02,50.49,42.52,21.470000000000002,Budget
P0672,BrandA Rich,Personal Care,BrandC,155.39,258.08,39.79,102.69,Mid-Range
P0673,BrandA Production,Electronics,BrandA,14.41,17.35,16.95,2.9400000000000013,Budget
P0674,BrandD Bring,Personal Care,BrandA,111.72,170.59,34.51,58.870000000000005,Mid-Range
P0675,BrandB Happy,Apparel,BrandA,63.72,108.04,41.02,44.32000000000001,Budget
P0676,BrandC Realize,Apparel,BrandD,166.98,199.44,16.28,32.46000000000001,Mid-Range
P0677,BrandA Thus,Home & Kitchen,BrandD,158.03,244.62,35.4,86.59,Mid-Range
P0678,BrandB Leave,Home & Kitchen,BrandB,74.79,109.85,31.92,35.05999999999999,Budget
P0679,BrandB Until,Electronics,BrandD,182.52,313.82,41.84,131.29999999999998,Premium
P0680,BrandD Letter,Home & Kitchen,BrandB,5.53,9.43,41.36,3.8999999999999995,Budget
P0681,BrandA Truth,Personal Care,BrandB,190.14,342.55,44.49,152.41000000000003,Premium
P0682,BrandA Let,Electronics,BrandC,130.65,197.42,33.82,66.76999999999998,Mid-Range
P0683,BrandC Nation,Home & Kitchen,BrandD,14.77,27.06,45.42,12.29,Budget
P0684,BrandA Hear,Home & Kitchen,BrandC,161.31,222.84,27.61,61.53,Mid-Range
P0685,BrandA Eat,Electronics,BrandA,6.89,8.44,18.36,1.5499999999999998,Budget
P0686,BrandB Heart,Home & Kitchen,BrandC,179.43,351.61,48.97,172.18,Premium
P0687,BrandC Man,Electronics,BrandC,163.92,207.29,20.92,43.370000000000005,Mid-Range
P0688,BrandD Key,Personal Care,BrandD,58.01,83.95,30.9,25.940000000000005,Budget
P0689,BrandD Side,Personal Care,BrandB,27.05,46.7,42.08,19.650000000000002,Budget
P0690,BrandA Laugh,Apparel,BrandA,86.13,140.54,38.71,54.41,Budget
P0691,BrandD Others,Apparel,BrandD,156.94,258.99,39.4,102.05000000000001,Mid-Range
P0692,BrandB Because,Personal Care,BrandD,27.02,39.72,31.97,12.7,Budget
P0693,BrandA Board,Electronics,BrandC,132.72,147.47,10.0,14.75,Budget
P0694,BrandB Write,Home & Kitchen,BrandA,89.41,156.82,42.99,67.41,Mid-Range
P0695,BrandD Charge,Home & Kitchen,BrandD,33.99,62.67,45.76,28.68,Budget
P0696,BrandA Practice,Electronics,BrandB,103.59,157.7,34.31,54.109999999999985,Mid-Range
P0697,BrandD Cell,Apparel,BrandA,151.53,210.41,27.98,58.879999999999995,Mid-Range
P0698,BrandC This,Home & Kitchen,BrandA,103.85,165.69,37.32,61.84,Mid-Range
P0699,BrandD Herself,Personal Care,BrandB,20.37,30.55,33.32,10.18,Budget
P0700,BrandD Movement,Electronics,BrandD,92.18,111.25,17.14,19.069999999999993,Budget
P0701,BrandD Money,Electronics,BrandA,83.67,94.74,11.68,11.069999999999993,Budget
P0702,BrandA Rise,Electronics,BrandC,178.57,286.8,37.74,108.23000000000002,Mid-Range
P0703,BrandD Lay,Home & Kitchen,BrandC,165.94,304.49,45.5,138.55,Premium
P0704,BrandD Four,Home & Kitchen,BrandD,144.75,206.55,29.92,61.80000000000001,Mid-Range
P0705,BrandD Step,Electronics,BrandA,153.07,198.93,23.05,45.860000000000014,Mid-Range
P0706,BrandC Floor,Home & Kitchen,BrandC,111.8,160.6,30.39,48.8,Mid-Range
P0707,BrandA Training,Electronics,BrandB,101.02,185.84,45.64,84.82000000000001,Mid-Range
P0708,BrandD Poor,Electronics,BrandC,124.12,157.48,21.18,33.359999999999985,Mid-Range
P0709,BrandD Through,Apparel,BrandD,165.79,210.81,21.36,45.02000000000001,Mid-Range
P0710,BrandC Next,Electronics,BrandD,14.07,23.5,40.13,9.43,Budget
P0711,BrandA Question,Personal Care,BrandD,133.4,261.54,48.99,128.14000000000001,Mid-Range
P0712,BrandB Interesting,Personal Care,BrandA,108.42,124.0,12.56,15.579999999999998,Budget
P0713,BrandD Begin,Personal Care,BrandB,139.9,175.75,20.4,35.849999999999994,Mid-Range
P0714,BrandB Lot,Electronics,BrandD,133.22,219.22,39.23,86.0,Mid-Range
P0715,BrandC Stage,Personal Care,BrandD,196.0,377.17,48.03,181.17000000000002,Premium
P0716,BrandB When,Home & Kitchen,BrandD,192.9,380.68,49.33,187.78,Premium
P0717,BrandD Executive,Apparel,BrandB,85.49,147.9,42.2,62.41000000000001,Budget
P0718,BrandC Huge,Home & Kitchen,BrandB,44.17,73.4,39.82,29.230000000000004,Budget
P0719,BrandC Figure,Home & Kitchen,BrandB,196.36,330.88,40.66,134.51999999999998,Premium
P0720,BrandB Fill,Home & Kitchen,BrandA,153.35,246.29,37.74,92.94,Mid-Range
P0721,BrandD Plan,Home & Kitchen,BrandD,162.62,255.39,36.32,92.76999999999998,Mid-Range
P0722,BrandA Part,Personal Care,BrandB,15.35,17.67,13.13,2.320000000000002,Budget
P0723,BrandC Realize,Apparel,BrandC,138.26,170.31,18.82,32.05000000000001,Mid-Range
P0724,BrandA Theory,Home & Kitchen,BrandB,151.95,171.56,11.43,19.610000000000014,Mid-Range
P0725,BrandD Executive,Electronics,BrandB,149.77,240.4,37.7,90.63,Mid-Range
P0726,BrandB Station,Home & Kitchen,BrandA,185.66,268.98,30.98,83.32000000000002,Mid-Range
P0727,BrandC Across,Electronics,BrandD,150.02,192.44,22.04,42.41999999999999,Mid-Range
P0728,BrandD Program,Apparel,BrandC,152.25,242.37,37.18,90.12,Mid-Range
P0729,BrandB Modern,Apparel,BrandC,92.52,183.66,49.62,91.14,Mid-Range
P0730,BrandA Actually,Apparel,BrandB,148.34,179.11,17.18,30.77000000000001,Mid-Range
P0731,BrandA Ok,Personal Care,BrandC,113.54,138.18,17.83,24.64,Budget
P0732,BrandC Happen,Electronics,BrandC,95.93,186.46,48.55,90.53,Mid-Range
P0733,BrandA Soon,Apparel,BrandC,121.39,218.05,44.33,96.66000000000001,Mid-Range
P0734,BrandC Apply,Personal Care,BrandC,19.21,33.37,42.43,14.159999999999997,Budget
P0735,BrandB Eat,Apparel,BrandA,158.32,196.86,19.58,38.54000000000002,Mid-Range
P0736,BrandD Participant,Electronics,BrandC,48.13,62.18,22.6,14.049999999999997,Budget
P0737,BrandC Apply,Home & Kitchen,BrandD,62.25,121.72,48.86,59.47,Budget
P0738,BrandD Market,Electronics,BrandA,135.44,203.31,33.38,67.87,Mid-Range
P0739,BrandB Fine,Electronics,BrandC,79.37,144.18,44.95,64.81,Budget
P0740,BrandA Office,Personal Care,BrandC,110.35,149.47,26.17,39.120000000000005,Budget
P0741,BrandC Maybe,Personal Care,BrandD,13.55,25.86,47.6,12.309999999999999,Budget
P0742,BrandB Goal,Home & Kitchen,BrandA,189.9,237.5,20.04,47.599999999999994,Mid-Range
P0743,BrandA Whatever,Electronics,BrandB,135.72,243.78,44.33,108.06,Mid-Range
P0744,BrandD Church,Electronics,BrandB,109.86,190.33,42.28,80.47000000000001,Mid-Range
P0745,BrandD Generation,Electronics,BrandB,9.63,16.81,42.71,7.179999999999998,Budget
P0746,BrandA Clear,Electronics,BrandA,15.58,28.27,44.89,12.69,Budget
P0747,BrandA Development,Apparel,BrandC,84.49,127.24,33.6,42.75,Budget
P0748,BrandD Traditional,Personal Care,BrandC,8.29,14.14,41.37,5.850000000000001,Budget
P0749,BrandA Commercial,Electronics,BrandA,141.67,165.09,14.19,23.420000000000016,Mid-Range
P0750,BrandA Thus,Home & Kitchen,BrandC,123.28,166.84,26.11,43.56,Mid-Range
P0751,BrandD Receive,Personal Care,BrandD,165.31,186.43,11.33,21.120000000000005,Mid-Range
P0752,BrandB Teacher,Apparel,BrandB,150.62,273.69,44.97,123.07,Mid-Range
P0753,BrandC Dinner,Apparel,BrandC,137.07,263.55,47.99,126.48000000000002,Mid-Range
P0754,BrandC Natural,Electronics,BrandB,29.03,32.06,9.45,3.030000000000001,Budget
P0755,BrandD Ago,Electronics,BrandC,45.96,81.22,43.41,35.26,Budget
P0756,BrandC Once,Apparel,BrandD,181.6,338.92,46.42,157.32000000000002,Premium
P0757,BrandB Plant,Apparel,BrandB,48.05,88.95,45.98,40.900000000000006,Budget
P0758,BrandB Film,Electronics,BrandB,135.84,218.78,37.91,82.94,Mid-Range
P0759,BrandA Summer,Personal Care,BrandA,61.68,71.59,13.84,9.910000000000004,Budget
P0760,BrandA Create,Apparel,BrandD,190.55,270.85,29.65,80.30000000000001,Mid-Range
P0761,BrandB Around,Electronics,BrandC,125.81,240.31,47.65,114.5,Mid-Range
P0762,BrandC Opportunity,Personal Care,BrandD,69.03,116.9,40.95,47.870000000000005,Budget
P0763,BrandB Suddenly,Home & Kitchen,BrandC,191.94,240.27,20.11,48.33000000000001,Mid-Range
P0764,BrandC Friend,Apparel,BrandB,143.88,241.25,40.36,97.37,Mid-Range
P0765,BrandC Blood,Home & Kitchen,BrandD,137.52,192.31,28.49,54.78999999999999,Mid-Range
P0766,BrandD Room,Personal Care,BrandD,74.95,103.05,27.27,28.099999999999994,Budget
P0767,BrandA Market,Apparel,BrandA,169.15,316.79,46.61,147.64000000000001,Premium
P0768,BrandB Job,Apparel,BrandC,148.04,246.33,39.9,98.29000000000002,Mid-Range
P0769,BrandA Specific,Electronics,BrandA,163.47,264.99,38.31,101.52000000000001,Mid-Range
P0770,BrandB Piece,Electronics,BrandC,110.98,221.83,49.97,110.85000000000001,Mid-Range
P0771,BrandD Impact,Apparel,BrandC,81.54,155.11,47.43,73.57000000000001,Mid-Range
P0772,BrandC Fast,Apparel,BrandD,102.72,121.36,15.36,18.64,Budget
P0773,BrandC Onto,Electronics,BrandB,170.36,311.06,45.23,140.7,Premium
P0774,BrandB Star,Apparel,BrandD,36.05,58.03,37.88,21.980000000000004,Budget
P0775,BrandB Far,Personal Care,BrandC,12.88,22.99,43.98,10.109999999999998,Budget
P0776,BrandB Scientist,Electronics,BrandC,77.04,87.71,12.17,10.669999999999987,Budget
P0777,BrandB Hair,Home & Kitchen,BrandD,96.59,145.77,33.74,49.18000000000001,Budget
P0778,BrandA News,Electronics,BrandC,25.13,49.55,49.28,24.419999999999998,Budget
P0779,BrandC Recently,Home & Kitchen,BrandB,78.45,113.02,30.59,34.56999999999999,Budget
P0780,BrandA Two,Home & Kitchen,BrandD,194.67,253.19,23.11,58.52000000000001,Mid-Range
P0781,BrandD Notice,Home & Kitchen,BrandC,99.94,153.3,34.81,53.360000000000014,Mid-Range
P0782,BrandA North,Apparel,BrandD,37.29,43.61,14.49,6.32,Budget
P0783,BrandC Thus,Apparel,BrandB,41.45,59.11,29.88,17.659999999999997,Budget
P0784,BrandA Player,Apparel,BrandD,163.18,285.28,42.8,122.09999999999997,Mid-Range
P0785,BrandD Pressure,Personal Care,BrandD,46.09,57.39,19.69,11.299999999999997,Budget
P0786,BrandD Physical,Electronics,BrandB,13.41,21.67,38.12,8.260000000000002,Budget
P0787,BrandB Some,Apparel,BrandA,178.71,220.2,18.84,41.48999999999998,Mid-Range
P0788,BrandB Marriage,Home & Kitchen,BrandB,105.74,154.9,31.74,49.16000000000001,Mid-Range
P0789,BrandA Lot,Home & Kitchen,BrandA,47.24,77.75,39.24,30.509999999999998,Budget
P0790,BrandD Coach,Personal Care,BrandB,47.78,70.22,31.96,22.439999999999998,Budget
P0791,BrandB Key,Apparel,BrandC,37.71,64.75,41.76,27.04,Budget
P0792,BrandD Benefit,Electronics,BrandB,78.75,96.0,17.97,17.25,Budget
P0793,BrandA Mission,Apparel,BrandD,166.17,273.34,39.21,107.16999999999999,Mid-Range
P0794,BrandB Pm,Personal Care,BrandA,176.16,278.03,36.64,101.86999999999998,Mid-Range
P0795,BrandA Especially,Electronics,BrandD,133.58,255.38,47.69,121.79999999999998,Mid-Range
P0796,BrandA Impact,Personal Care,BrandD,77.22,87.96,12.21,10.739999999999995,Budget
P0797,BrandD Fact,Apparel,BrandD,158.96,229.4,30.71,70.44,Mid-Range
P0798,BrandA Establish,Personal Care,BrandB,54.63,97.75,44.11,43.12,Budget
P0799,BrandA Bed,Home & Kitchen,BrandD,55.27,61.07,9.5,5.799999999999997,Budget
P0800,BrandA Customer,Electronics,BrandA,78.13,100.39,22.17,22.260000000000005,Budget
P0801,BrandC Laugh,Personal Care,BrandC,25.78,38.24,32.58,12.46,Budget
P0802,BrandC Others,Home & Kitchen,BrandD,115.11,190.01,39.42,74.89999999999999,Mid-Range
P0803,BrandD She,Apparel,BrandD,112.66,180.46,37.57,67.80000000000001,Mid-Range
P0804,BrandB Theory,Home & Kitchen,BrandD,54.49,74.98,27.33,20.490000000000002,Budget
P0805,BrandC Young,Personal Care,BrandB,171.72,290.78,40.95,119.05999999999997,Mid-Range
P0806,BrandB Way,Personal Care,BrandB,24.55,38.24,35.8,13.690000000000001,Budget
P0807,BrandC Five,Electronics,BrandB,80.88,135.25,40.2,54.370000000000005,Budget
P0808,BrandA Since,Apparel,BrandD,185.54,276.8,32.97,91.26000000000002,Mid-Range
P0809,BrandA Baby,Home & Kitchen,BrandB,77.31,127.42,39.33,50.11,Budget
P0810,BrandD Similar,Personal Care,BrandC,143.76,235.44,38.94,91.68,Mid-Range
P0811,BrandB Window,Personal Care,BrandD,7.09,13.23,46.41,6.140000000000001,Budget
P0812,BrandC Quite,Apparel,BrandA,157.87,246.2,35.88,88.32999999999998,Mid-Range
P0813,BrandB Democratic,Apparel,BrandA,75.15,126.97,40.81,51.81999999999999,Budget
P0814,BrandB Own,Electronics,BrandC,157.04,222.65,29.47,65.61000000000001,Mid-Range
P0815,BrandD Trip,Personal Care,BrandB,105.96,186.83,43.29,80.87000000000002,Mid-Range
P0816,BrandA Want,Electronics,BrandC,146.6,235.03,37.62,88.43,Mid-Range
P0817,BrandC Hand,Home & Kitchen,BrandC,49.13,96.63,49.16,47.49999999999999,Budget
P0818,BrandD Chair,Personal Care,BrandA,55.92,82.0,31.8,26.08,Budget
P0819,BrandA Often,Electronics,BrandC,71.29,85.93,17.04,14.64,Budget
P0820,BrandC House,Home & Kitchen,BrandD,193.38,310.73,37.77,117.35000000000002,Premium
P0821,BrandB Mouth,Home & Kitchen,BrandD,137.91,262.98,47.56,125.07000000000002,Mid-Range
P0822,BrandA Defense,Personal Care,BrandA,55.27,79.83,30.77,24.559999999999995,Budget
P0823,BrandB Power,Apparel,BrandC,85.42,121.11,29.47,35.69,Budget
P0824,BrandA One,Home & Kitchen,BrandB,61.02,89.03,31.46,28.009999999999998,Budget
P0825,BrandC Subject,Electronics,BrandB,97.93,138.88,29.49,40.94999999999999,Budget
P0826,BrandC Rather,Apparel,BrandB,102.3,130.91,21.85,28.61,Budget
P0827,BrandB Argue,Home & Kitchen,BrandB,49.7,92.02,45.99,42.31999999999999,Budget
P0828,BrandC Kitchen,Apparel,BrandA,28.38,33.22,14.57,4.84,Budget
P0829,BrandD Ability,Electronics,BrandA,170.36,244.31,30.27,73.94999999999999,Mid-Range
P0830,BrandC Technology,Personal Care,BrandC,100.71,200.01,49.65,99.3,Mid-Range
P0831,BrandC Away,Personal Care,BrandB,151.28,183.87,17.72,32.59,Mid-Range
P0832,BrandD Number,Personal Care,BrandA,102.98,149.77,31.24,46.790000000000006,Budget
P0833,BrandB Guy,Personal Care,BrandA,141.16,213.73,33.95,72.57,Mid-Range
P0834,BrandA Perhaps,Electronics,BrandB,78.99,94.05,16.01,15.060000000000002,Budget
P0835,BrandC Deep,Home & Kitchen,BrandB,111.97,147.06,23.86,35.09,Budget
P0836,BrandD Big,Home & Kitchen,BrandC,40.86,60.54,32.51,19.68,Budget
P0837,BrandD Wear,Home & Kitchen,BrandC,171.59,231.93,26.02,60.34,Mid-Range
P0838,BrandB Yet,Apparel,BrandD,163.77,286.39,42.82,122.61999999999998,Mid-Range
P0839,BrandB Strategy,Personal Care,BrandD,43.23,78.68,45.06,35.45000000000001,Budget
P0840,BrandB Social,Personal Care,BrandA,39.44,61.12,35.47,21.68,Budget
P0841,BrandC Of,Personal Care,BrandC,53.94,101.01,46.6,47.07000000000001,Budget
P0842,BrandA Group,Personal Care,BrandA,139.66,161.17,13.35,21.50999999999999,Mid-Range
P0843,BrandC Seat,Personal Care,BrandA,92.72,129.92,28.63,37.19999999999999,Budget
P0844,BrandC Player,Home & Kitchen,BrandC,72.11,106.04,32.0,33.93000000000001,Budget
P0845,BrandC Should,Apparel,BrandB,195.98,265.78,26.26,69.79999999999998,Mid-Range
P0846,BrandC Own,Personal Care,BrandD,178.48,257.54,30.7,79.06000000000003,Mid-Range
P0847,BrandC No,Personal Care,BrandB,174.31,292.23,40.35,117.92000000000002,Mid-Range
P0848,BrandC Process,Personal Care,BrandD,170.54,198.54,14.1,28.0,Mid-Range
P0849,BrandB Nice,Home & Kitchen,BrandD,66.13,111.61,40.75,45.480000000000004,Budget
P0850,BrandC Along,Personal Care,BrandC,178.1,321.09,44.53,142.98999999999998,Premium
P0851,BrandC Away,Personal Care,BrandD,37.63,70.32,46.49,32.68999999999999,Budget
P0852,BrandB Stay,Apparel,BrandC,188.39,326.03,42.22,137.64,Premium
P0853,BrandA Since,Apparel,BrandB,82.42,97.75,15.68,15.329999999999998,Budget
P0854,BrandD Role,Electronics,BrandA,155.33,244.11,36.37,88.78,Mid-Range
P0855,BrandA Miss,Electronics,BrandD,125.53,147.61,14.96,22.080000000000013,Budget
P0856,BrandD Occur,Home & Kitchen,BrandB,53.24,72.18,26.24,18.940000000000005,Budget
P0857,BrandB Soon,Apparel,BrandB,10.57,17.94,41.08,7.370000000000001,Budget
P0858,BrandC East,Personal Care,BrandD,195.12,309.56,36.97,114.44,Premium
P0859,BrandC Home,Personal Care,BrandB,194.06,335.31,42.13,141.25,Premium
P0860,BrandB Shake,Personal Care,BrandD,107.07,179.4,40.32,72.33000000000001,Mid-Range
P0861,BrandC Buy,Home & Kitchen,BrandD,110.24,201.1,45.18,90.86,Mid-Range
P0862,BrandD Reveal,Home & Kitchen,BrandC,85.38,105.88,19.36,20.5,Budget
P0863,BrandA Although,Electronics,BrandB,72.06,109.7,34.31,37.64,Budget
P0864,BrandA Charge,Personal Care,BrandD,63.42,113.48,44.11,50.06,Budget
P0865,BrandC On,Apparel,BrandD,111.9,142.08,21.24,30.180000000000007,Budget
P0866,BrandD Use,Personal Care,BrandB,36.84,64.96,43.29,28.11999999999999,Budget
P0867,BrandD Seem,Personal Care,BrandB,56.28,83.3,32.44,27.019999999999996,Budget
P0868,BrandB Need,Home & Kitchen,BrandC,131.45,207.53,36.66,76.08000000000001,Mid-Range
P0869,BrandC Onto,Personal Care,BrandB,171.43,216.72,20.9,45.28999999999999,Mid-Range
P0870,BrandC Accept,Electronics,BrandD,125.46,168.73,25.64,43.269999999999996,Mid-Range
P0871,BrandD Sort,Apparel,BrandC,8.78,10.05,12.64,1.2700000000000014,Budget
P0872,BrandA Range,Apparel,BrandA,60.01,72.76,17.52,12.750000000000007,Budget
P0873,BrandD Begin,Electronics,BrandB,22.59,25.15,10.18,2.5599999999999987,Budget
P0874,BrandB Stop,Home & Kitchen,BrandD,65.76,119.65,45.04,53.89,Budget
P0875,BrandC Worry,Personal Care,BrandA,69.4,129.03,46.21,59.629999999999995,Budget
P0876,BrandB Budget,Electronics,BrandC,156.25,181.91,14.11,25.659999999999997,Mid-Range
P0877,BrandD Both,Apparel,BrandB,179.66,238.06,24.53,58.400000000000006,Mid-Range
P0878,BrandD Bed,Electronics,BrandA,195.05,340.01,42.63,144.95999999999998,Premium
P0879,BrandD Son,Personal Care,BrandB,148.84,168.21,11.52,19.370000000000005,Mid-Range
P0880,BrandD Tv,Electronics,BrandB,97.2,166.53,41.63,69.33,Mid-Range
P0881,BrandC Who,Home & Kitchen,BrandB,127.69,145.31,12.13,17.620000000000005,Budget
P0882,BrandA Worry,Home & Kitchen,BrandD,129.51,165.62,21.8,36.110000000000014,Mid-Range
P0883,BrandA Peace,Apparel,BrandA,51.01,76.04,32.92,25.03000000000001,Budget
P0884,BrandA Management,Apparel,BrandC,119.02,173.32,31.33,54.3,Mid-Range
P0885,BrandB We,Electronics,BrandA,118.31,203.69,41.92,85.38,Mid-Range
P0886,BrandB Her,Home & Kitchen,BrandA,53.5,82.92,35.48,29.42,Budget
P0887,BrandC Determine,Electronics,BrandA,74.33,92.06,19.26,17.730000000000004,Budget
P0888,BrandA One,Apparel,BrandD,50.37,99.91,49.58,49.54,Budget
P0889,BrandC Executive,Personal Care,BrandB,9.16,13.19,30.55,4.029999999999999,Budget
P0890,BrandB In,Home & Kitchen,BrandA,99.63,148.82,33.05,49.19,Budget
P0891,BrandC Between,Personal Care,BrandB,115.51,183.58,37.08,68.07000000000001,Mid-Range
P0892,BrandC Effort,Personal Care,BrandC,174.19,285.46,38.98,111.26999999999998,Mid-Range
P0893,BrandB Believe,Electronics,BrandD,92.63,170.21,45.58,77.58000000000001,Mid-Range
P0894,BrandC End,Personal Care,BrandA,156.3,243.1,35.71,86.79999999999998,Mid-Range
P0895,BrandB Mouth,Electronics,BrandC,156.32,205.55,23.95,49.23000000000002,Mid-Range
P0896,BrandA Matter,Personal Care,BrandB,107.19,165.91,35.39,58.72,Mid-Range
P0897,BrandB History,Home & Kitchen,BrandC,84.91,118.01,28.05,33.10000000000001,Budget
P0898,BrandA Mention,Electronics,BrandA,167.86,204.25,17.82,36.389999999999986,Mid-Range
P0899,BrandA Sure,Apparel,BrandA,99.65,118.47,15.89,18.819999999999993,Budget
P0900,BrandD Material,Personal Care,BrandC,14.57,18.92,22.99,4.350000000000001,Budget
P0901,BrandA Program,Electronics,BrandB,132.87,257.18,48.34,124.31,Mid-Range
P0902,BrandA Language,Personal Care,BrandA,75.38,133.36,43.48,57.98000000000002,Budget
P0903,BrandD Degree,Home & Kitchen,BrandA,165.61,221.79,25.33,56.17999999999998,Mid-Range
P0904,BrandA Represent,Electronics,BrandC,20.2,26.15,22.75,5.949999999999999,Budget
P0905,BrandA Movement,Electronics,BrandB,108.67,138.07,21.29,29.39999999999999,Budget
P0906,BrandB Prevent,Apparel,BrandD,150.49,269.33,44.12,118.83999999999997,Mid-Range
P0907,BrandC Into,Personal Care,BrandD,177.15,221.46,20.01,44.31,Mid-Range
P0908,BrandB Everybody,Personal Care,BrandC,133.22,210.56,36.73,77.34,Mid-Range
P0909,BrandD Lawyer,Home & Kitchen,BrandC,112.27,224.22,49.93,111.95,Mid-Range
P0910,BrandC Police,Personal Care,BrandD,166.1,231.06,28.11,64.96000000000001,Mid-Range
P0911,BrandB Type,Apparel,BrandD,154.31,298.36,48.28,144.05,Mid-Range
P0912,BrandC Name,Home & Kitchen,BrandD,92.26,134.46,31.38,42.2,Budget
P0913,BrandA Group,Home & Kitchen,BrandA,105.93,211.23,49.85,105.29999999999998,Mid-Range
P0914,BrandC Skin,Electronics,BrandC,196.96,254.74,22.68,57.78,Mid-Range
P0915,BrandC Machine,Electronics,BrandC,184.23,287.43,35.9,103.20000000000002,Mid-Range
P0916,BrandB Answer,Electronics,BrandA,94.77,117.56,19.39,22.790000000000006,Budget
P0917,BrandC Ago,Home & Kitchen,BrandB,50.43,92.29,45.36,41.86000000000001,Budget
P0918,BrandA Decision,Personal Care,BrandB,148.18,259.5,42.9,111.32,Mid-Range
P0919,BrandD Inside,Apparel,BrandD,166.01,285.64,41.88,119.63,Mid-Range
P0920,BrandA Player,Home & Kitchen,BrandA,147.5,238.75,38.22,91.25,Mid-Range
P0921,BrandA Help,Electronics,BrandC,72.85,133.71,45.52,60.860000000000014,Budget
P0922,BrandD Himself,Electronics,BrandB,150.8,281.17,46.37,130.37,Mid-Range
P0923,BrandA A,Personal Care,BrandA,64.43,73.26,12.05,8.829999999999998,Budget
P0924,BrandB Measure,Home & Kitchen,BrandB,34.87,59.5,41.39,24.630000000000003,Budget
P0925,BrandD Couple,Personal Care,BrandA,48.31,65.74,26.51,17.429999999999993,Budget
P0926,BrandD Skill,Apparel,BrandB,70.55,107.82,34.57,37.269999999999996,Budget
P0927,BrandA Past,Personal Care,BrandC,21.59,33.5,35.55,11.91,Budget
P0928,BrandB Present,Apparel,BrandD,114.06,175.55,35.03,61.49000000000001,Mid-Range
P0929,BrandB Information,Apparel,BrandB,18.97,34.13,44.42,15.160000000000004,Budget
P0930,BrandC Other,Electronics,BrandA,135.99,201.43,32.49,65.44,Mid-Range
P0931,BrandC Hot,Apparel,BrandC,72.18,121.97,40.82,49.78999999999999,Budget
P0932,BrandC Apply,Apparel,BrandC,125.16,249.21,49.78,124.05000000000001,Mid-Range
P0933,BrandD Old,Apparel,BrandD,13.75,25.25,45.54,11.5,Budget
P0934,BrandB Personal,Home & Kitchen,BrandB,152.76,285.28,46.45,132.51999999999998,Mid-Range
P0935,BrandA My,Electronics,BrandB,190.04,367.55,48.3,177.51000000000002,Premium
P0936,BrandC Baby,Electronics,BrandC,140.29,168.37,16.68,28.080000000000013,Mid-Range
P0937,BrandD Catch,Personal Care,BrandA,69.72,123.13,43.38,53.41,Budget
P0938,BrandB Worry,Apparel,BrandC,112.02,186.04,39.79,74.02,Mid-Range
P0939,BrandB Listen,Electronics,BrandD,118.69,201.44,41.08,82.75,Mid-Range
P0940,BrandA Past,Home & Kitchen,BrandB,16.72,21.41,21.91,4.690000000000001,Budget
P0941,BrandC Cut,Electronics,BrandD,132.68,146.94,9.7,14.259999999999991,Budget
P0942,BrandD Similar,Home & Kitchen,BrandC,173.54,193.87,10.49,20.330000000000013,Mid-Range
P0943,BrandD Because,Apparel,BrandD,104.17,181.12,42.49,76.95,Mid-Range
P0944,BrandC Development,Personal Care,BrandA,41.35,64.12,35.51,22.770000000000003,Budget
P0945,BrandD Far,Electronics,BrandA,53.24,83.93,36.57,30.690000000000005,Budget
P0946,BrandC Often,Personal Care,BrandD,150.16,167.66,10.44,17.5,Mid-Range
P0947,BrandC International,Home & Kitchen,BrandC,51.06,101.12,49.51,50.06,Budget
P0948,BrandC Sister,Electronics,BrandC,176.34,335.29,47.41,158.95000000000002,Premium
P0949,BrandA Fall,Home & Kitchen,BrandB,34.58,65.96,47.57,31.379999999999995,Budget
P0950,BrandB Also,Electronics,BrandD,106.54,182.2,41.53,75.65999999999998,Mid-Range
P0951,BrandB Space,Personal Care,BrandB,116.72,173.19,32.61,56.47,Mid-Range
P0952,BrandC Her,Home & Kitchen,BrandD,110.74,142.42,22.24,31.679999999999993,Budget
P0953,BrandB Tax,Apparel,BrandB,65.25,113.18,42.35,47.93000000000001,Budget
P0954,BrandB Hotel,Personal Care,BrandB,132.97,213.86,37.82,80.89000000000001,Mid-Range
P0955,BrandB Power,Home & Kitchen,BrandA,113.68,222.1,48.82,108.41999999999999,Mid-Range
P0956,BrandA Beat,Apparel,BrandC,168.71,207.68,18.76,38.97,Mid-Range
P0957,BrandA Sense,Home & Kitchen,BrandD,192.43,264.21,27.17,71.77999999999997,Mid-Range
P0958,BrandC It,Apparel,BrandB,25.82,32.7,21.04,6.880000000000003,Budget
P0959,BrandC Figure,Apparel,BrandB,50.03,56.21,10.99,6.18,Budget
P0960,BrandA Whatever,Personal Care,BrandB,102.95,169.27,39.18,66.32000000000001,Mid-Range
P0961,BrandC Research,Apparel,BrandD,100.83,123.39,18.28,22.560000000000002,Budget
P0962,BrandB Image,Apparel,BrandA,84.67,166.96,49.29,82.29,Mid-Range
P0963,BrandC Ability,Personal Care,BrandB,149.76,297.94,49.73,148.18,Mid-Range
P0964,BrandB Board,Electronics,BrandB,185.79,369.18,49.67,183.39000000000001,Premium
P0965,BrandD Produce,Home & Kitchen,BrandD,178.08,264.41,32.65,86.33000000000001,Mid-Range
P0966,BrandA Nature,Personal Care,BrandC,81.86,159.24,48.59,77.38000000000001,Mid-Range
P0967,BrandA It,Electronics,BrandD,94.1,177.85,47.09,83.75,Mid-Range
P0968,BrandB Long,Personal Care,BrandA,113.75,177.96,36.08,64.21000000000001,Mid-Range
P0969,BrandA Team,Apparel,BrandC,90.71,171.98,47.26,81.27,Mid-Range
P0970,BrandC Woman,Personal Care,BrandB,87.38,144.34,39.46,56.96000000000001,Budget
P0971,BrandA Enjoy,Apparel,BrandD,166.83,251.33,33.62,84.5,Mid-Range
P0972,BrandA Only,Apparel,BrandB,81.65,113.58,28.11,31.929999999999993,Budget
P0973,BrandA Water,Apparel,BrandD,120.11,209.16,42.58,89.05,Mid-Range
P0974,BrandB Or,Personal Care,BrandD,53.77,92.62,41.95,38.85,Budget
P0975,BrandB Mission,Electronics,BrandA,27.26,41.01,33.53,13.749999999999996,Budget
P0976,BrandC Face,Electronics,BrandD,146.74,290.2,49.43,143.45999999999998,Mid-Range
P0977,BrandB Sometimes,Personal Care,BrandD,13.56,17.0,20.24,3.4399999999999995,Budget
P0978,BrandC Ability,Apparel,BrandB,174.42,219.94,20.7,45.52000000000001,Mid-Range
P0979,BrandA Order,Personal Care,BrandC,65.36,117.11,44.19,51.75,Budget
P0980,BrandD Set,Home & Kitchen,BrandB,27.92,34.02,17.93,6.100000000000001,Budget
P0981,BrandB Four,Electronics,BrandC,7.38,11.42,35.38,4.04,Budget
P0982,BrandD Visit,Electronics,BrandD,51.39,83.76,38.65,32.370000000000005,Budget
P0983,BrandD Garden,Personal Care,BrandD,91.17,149.62,39.07,58.45,Budget
P0984,BrandA Cover,Apparel,BrandC,125.85,201.59,37.57,75.74000000000001,Mid-Range
P0985,BrandB Play,Electronics,BrandB,33.91,57.24,40.76,23.330000000000005,Budget
P0986,BrandA Film,Apparel,BrandA,135.06,250.43,46.07,115.37,Mid-Range
P0987,BrandC Author,Home & Kitchen,BrandA,14.56,21.48,32.22,6.92,Budget
P0988,BrandB Walk,Apparel,BrandD,124.16,213.85,41.94,89.69,Mid-Range
P0989,BrandB Eat,Personal Care,BrandC,186.64,220.95,15.53,34.31,Mid-Range
P0990,BrandC Apply,Home & Kitchen,BrandC,180.02,330.92,45.6,150.9,Premium
P0991,BrandD Stand,Electronics,BrandC,96.81,117.12,17.34,20.310000000000002,Budget
P0992,BrandC Pressure,Home & Kitchen,BrandD,107.31,185.24,42.07,77.93,Mid-Range
P0993,BrandA Morning,Electronics,BrandA,99.31,170.79,41.85,71.47999999999999,Mid-Range
P0994,BrandC Bag,Personal Care,BrandC,55.63,89.99,38.18,34.35999999999999,Budget
P0995,BrandC Base,Apparel,BrandD,106.34,177.45,40.07,71.10999999999999,Mid-Range
P0996,BrandD Care,Apparel,BrandB,143.17,283.67,49.53,140.50000000000003,Mid-Range
P0997,BrandA Dream,Electronics,BrandA,95.65,173.8,44.97,78.15,Mid-Range
P0998,BrandB Stuff,Personal Care,BrandD,13.87,19.62,29.31,5.750000000000002,Budget
P0999,BrandB Public,Electronics,BrandB,139.55,185.46,24.75,45.91,Mid-Range
P1000,BrandA Bed,Home & Kitchen,BrandC,103.8,144.44,28.14,40.64,Budget
P1001,BrandA Present,Electronics,BrandD,71.57,125.39,42.92,53.82000000000001,Budget
P1002,BrandA Lot,Apparel,BrandB,69.45,97.52,28.78,28.069999999999993,Budget
P1003,BrandD Floor,Personal Care,BrandA,130.9,200.71,34.78,69.81,Mid-Range
P1004,BrandD Bill,Home & Kitchen,BrandD,157.88,232.49,32.09,74.61000000000001,Mid-Range
P1005,BrandA Arm,Home & Kitchen,BrandC,113.26,126.49,10.46,13.22999999999999,Budget
P1006,BrandC Role,Home & Kitchen,BrandA,194.07,262.46,26.06,68.38999999999999,Mid-Range
P1007,BrandA Few,Home & Kitchen,BrandD,127.17,236.3,46.18,109.13000000000001,Mid-Range
P1008,BrandD Smile,Apparel,BrandA,173.6,308.38,43.71,134.78,Premium
P1009,BrandC Then,Electronics,BrandC,85.7,132.61,35.37,46.91000000000001,Budget
P1010,BrandB Future,Home & Kitchen,BrandD,166.74,228.83,27.13,62.09,Mid-Range
P1011,BrandC Receive,Apparel,BrandA,77.97,88.39,11.79,10.420000000000002,Budget
P1012,BrandB Up,Electronics,BrandD,103.67,188.59,45.03,84.92,Mid-Range
P1013,BrandB Wide,Apparel,BrandC,185.11,325.64,43.16,140.52999999999997,Premium
P1014,BrandC Still,Home & Kitchen,BrandB,155.05,184.27,15.86,29.22,Mid-Range
P1015,BrandB Southern,Apparel,BrandA,94.58,164.79,42.61,70.21,Mid-Range
P1016,BrandA Watch,Electronics,BrandC,186.81,321.0,41.8,134.19,Premium
P1017,BrandA Election,Home & Kitchen,BrandD,178.39,212.78,16.16,34.390000000000015,Mid-Range
P1018,BrandC Participant,Electronics,BrandC,129.58,167.01,22.41,37.42999999999998,Mid-Range
P1019,BrandB Try,Apparel,BrandC,58.95,81.78,27.92,22.83,Budget
P1020,BrandD Oil,Electronics,BrandC,34.12,45.93,25.71,11.810000000000002,Budget
P1021,BrandA See,Electronics,BrandB,110.79,176.65,37.28,65.86,Mid-Range
P1022,BrandC Much,Apparel,BrandC,116.95,146.67,20.26,29.719999999999985,Budget
P1023,BrandC Magazine,Home & Kitchen,BrandD,14.89,16.77,11.21,1.879999999999999,Budget
P1024,BrandA None,Electronics,BrandD,15.49,22.98,32.59,7.49,Budget
P1025,BrandB Recent,Personal Care,BrandC,65.93,121.03,45.53,55.099999999999994,Budget
P1026,BrandA Network,Personal Care,BrandB,23.12,42.13,45.12,19.01,Budget
P1027,BrandD Source,Electronics,BrandD,65.53,110.09,40.48,44.56,Budget
P1028,BrandD Tree,Personal Care,BrandB,189.75,233.27,18.66,43.52000000000001,Mid-Range
P1029,BrandC Energy,Home & Kitchen,BrandD,40.75,78.47,48.07,37.72,Budget
P1030,BrandC Important,Home & Kitchen,BrandD,100.06,115.95,13.7,15.89,Budget
P1031,BrandA Seek,Home & Kitchen,BrandD,94.94,119.03,20.24,24.090000000000003,Budget
P1032,BrandC Travel,Apparel,BrandA,84.11,146.59,42.62,62.480000000000004,Budget
P1033,BrandA Life,Home & Kitchen,BrandA,159.52,251.96,36.69,92.44,Mid-Range
P1034,BrandD Left,Personal Care,BrandB,126.07,200.85,37.23,74.78,Mid-Range
P1035,BrandD Several,Personal Care,BrandA,71.44,130.92,45.43,59.47999999999999,Budget
P1036,BrandD Knowledge,Personal Care,BrandC,111.18,145.93,23.81,34.75,Budget
P1037,BrandA Try,Personal Care,BrandA,120.47,182.71,34.06,62.24000000000001,Mid-Range
P1038,BrandA Store,Personal Care,BrandB,65.07,95.34,31.75,30.27000000000001,Budget
P1039,BrandA Owner,Personal Care,BrandC,101.39,171.77,40.97,70.38000000000001,Mid-Range
P1040,BrandA Series,Apparel,BrandB,178.02,340.54,47.72,162.52,Premium
P1041,BrandA Gas,Apparel,BrandB,93.33,127.15,26.6,33.82000000000001,Budget
P1042,BrandD Economic,Apparel,BrandB,137.9,190.98,27.79,53.079999999999984,Mid-Range
P1043,BrandC Apply,Personal Care,BrandC,198.11,321.82,38.44,123.70999999999998,Premium
P1044,BrandD Relationship,Apparel,BrandC,17.17,32.81,47.67,15.64,Budget
P1045,BrandA Best,Electronics,BrandC,26.39,35.73,26.14,9.339999999999996,Budget
P1046,BrandA Back,Apparel,BrandD,141.93,206.49,31.27,64.56,Mid-Range
P1047,BrandC Mission,Personal Care,BrandD,79.41,126.31,37.13,46.900000000000006,Budget
P1048,BrandB Almost,Personal Care,BrandB,41.7,60.3,30.85,18.599999999999994,Budget
P1049,BrandC Practice,Personal Care,BrandB,61.25,115.48,46.96,54.230000000000004,Budget
P1050,BrandB Director,Apparel,BrandA,18.99,21.16,10.26,2.1700000000000017,Budget
P1051,BrandD Between,Personal Care,BrandB,21.51,36.09,40.4,14.580000000000002,Budget
P1052,BrandD Goal,Personal Care,BrandD,126.53,190.93,33.73,64.4,Mid-Range
P1053,BrandD Environment,Personal Care,BrandD,74.28,94.13,21.09,19.849999999999994,Budget
P1054,BrandA Box,Personal Care,BrandB,143.87,193.12,25.5,49.25,Mid-Range
P1055,BrandC Red,Electronics,BrandA,115.79,200.83,42.34,85.04,Mid-Range
P1056,BrandA Consumer,Personal Care,BrandA,32.71,57.51,43.12,24.799999999999997,Budget
P1057,BrandC Particularly,Personal Care,BrandA,107.05,176.53,39.36,69.48,Mid-Range
P1058,BrandB Letter,Personal Care,BrandA,138.39,219.39,36.92,81.0,Mid-Range
P1059,BrandC My,Electronics,BrandC,109.33,121.32,9.88,11.989999999999995,Budget
P1060,BrandD Force,Personal Care,BrandC,87.1,171.11,49.1,84.01000000000002,Mid-Range
P1061,BrandC Rate,Home & Kitchen,BrandB,11.89,22.95,48.19,11.059999999999999,Budget
P1062,BrandC New,Home & Kitchen,BrandA,127.71,206.93,38.28,79.22000000000001,Mid-Range
P1063,BrandA Game,Home & Kitchen,BrandA,60.93,71.55,14.84,10.619999999999997,Budget
P1064,BrandA After,Home & Kitchen,BrandC,30.85,41.74,26.09,10.89,Budget
P1065,BrandC Seem,Electronics,BrandD,122.75,235.57,47.89,112.82,Mid-Range
P1066,BrandB Human,Personal Care,BrandC,162.53,217.0,25.1,54.47,Mid-Range
P1067,BrandB Move,Personal Care,BrandB,160.88,301.78,46.69,140.89999999999998,Premium
P1068,BrandC Throughout,Electronics,BrandB,121.13,222.82,45.64,101.69,Mid-Range
P1069,BrandD And,Personal Care,BrandD,51.4,76.9,33.16,25.500000000000007,Budget
P1070,BrandB Gas,Apparel,BrandC,15.59,20.86,25.26,5.27,Budget
P1071,BrandA Across,Electronics,BrandB,95.48,145.95,34.58,50.469999999999985,Budget
P1072,BrandD Pay,Apparel,BrandD,138.28,200.65,31.08,62.370000000000005,Mid-Range
P1073,BrandC Not,Apparel,BrandD,7.31,14.14,48.3,6.830000000000001,Budget
P1074,BrandD Contain,Personal Care,BrandC,192.54,330.13,41.68,137.59,Premium
P1075,BrandA Those,Electronics,BrandC,191.46,285.01,32.82,93.54999999999998,Mid-Range
P1076,BrandC Enjoy,Home & Kitchen,BrandC,57.08,67.84,15.86,10.760000000000005,Budget
P1077,BrandD Affect,Personal Care,BrandB,148.19,241.53,38.65,93.34,Mid-Range
P1078,BrandB Recognize,Home & Kitchen,BrandB,66.09,73.33,9.87,7.239999999999995,Budget
P1079,BrandA New,Electronics,BrandA,85.19,133.98,36.42,48.78999999999999,Budget
P1080,BrandD American,Home & Kitchen,BrandB,146.42,194.26,24.63,47.84,Mid-Range
P1081,BrandA Compare,Electronics,BrandA,16.09,26.3,38.82,10.21,Budget
P1082,BrandB Financial,Electronics,BrandA,21.85,35.93,39.19,14.079999999999998,Budget
P1083,BrandD Part,Apparel,BrandA,140.65,186.78,24.7,46.129999999999995,Mid-Range
P1084,BrandD Man,Electronics,BrandD,184.93,249.42,25.86,64.48999999999998,Mid-Range
P1085,BrandD Media,Home & Kitchen,BrandC,36.58,42.67,14.27,6.090000000000003,Budget
P1086,BrandA Language,Personal Care,BrandD,69.87,80.63,13.34,10.759999999999991,Budget
P1087,BrandC Drive,Apparel,BrandD,18.53,36.72,49.54,18.189999999999998,Budget
P1088,BrandB Back,Personal Care,BrandB,130.87,156.73,16.5,25.859999999999985,Mid-Range
P1089,BrandD Song,Apparel,BrandA,182.96,319.06,42.66,136.1,Premium
P1090,BrandA This,Electronics,BrandA,18.73,32.87,43.02,14.139999999999997,Budget
P1091,BrandD Not,Electronics,BrandD,34.03,57.04,40.34,23.009999999999998,Budget
P1092,BrandA Himself,Personal Care,BrandC,34.56,48.28,28.42,13.719999999999999,Budget
P1093,BrandD Hand,Electronics,BrandD,98.24,143.78,31.67,45.540000000000006,Budget
P1094,BrandA Vote,Apparel,BrandA,79.96,137.56,41.87,57.60000000000001,Budget
P1095,BrandD Concern,Electronics,BrandC,70.02,96.11,27.15,26.090000000000003,Budget
P1096,BrandA Here,Electronics,BrandC,109.25,214.66,49.11,105.41,Mid-Range
P1097,BrandA Executive,Personal Care,BrandC,131.32,165.33,20.57,34.01000000000002,Mid-Range
P1098,BrandA Support,Personal Care,BrandB,63.28,91.83,31.09,28.549999999999997,Budget
P1099,BrandA When,Home & Kitchen,BrandD,21.55,35.98,40.11,14.429999999999996,Budget
P1100,BrandB Standard,Apparel,BrandA,42.65,74.54,42.78,31.890000000000008,Budget
P1101,BrandB Term,Personal Care,BrandD,17.28,27.41,36.96,10.129999999999999,Budget
P1102,BrandC Up,Personal Care,BrandD,193.48,215.69,10.3,22.210000000000008,Mid-Range
P1103,BrandC Major,Electronics,BrandC,158.62,180.59,12.17,21.97,Mid-Range
P1104,BrandA Reason,Apparel,BrandD,188.32,354.64,46.9,166.32,Premium
P1105,BrandB Important,Apparel,BrandA,12.19,14.96,18.52,2.7700000000000014,Budget
P1106,BrandA Interest,Personal Care,BrandA,52.32,88.1,40.61,35.779999999999994,Budget
P1107,BrandA Too,Apparel,BrandA,181.41,333.55,45.61,152.14000000000001,Premium
P1108,BrandA Send,Personal Care,BrandD,167.89,194.34,13.61,26.450000000000017,Mid-Range
P1109,BrandA Detail,Electronics,BrandD,121.02,200.18,39.54,79.16000000000001,Mid-Range
P1110,BrandA Trip,Apparel,BrandD,70.78,131.11,46.01,60.33000000000001,Budget
P1111,BrandD Magazine,Home & Kitchen,BrandA,195.29,316.05,38.21,120.76000000000002,Premium
P1112,BrandB Outside,Home & Kitchen,BrandB,154.02,251.63,38.79,97.60999999999999,Mid-Range
P1113,BrandC Usually,Electronics,BrandA,58.41,104.07,43.87,45.66,Budget
P1114,BrandB Strong,Home & Kitchen,BrandB,90.54,175.02,48.27,84.48,Mid-Range
P1115,BrandA Become,Apparel,BrandD,159.26,265.8,40.08,106.54000000000002,Mid-Range
P1116,BrandD Hard,Apparel,BrandA,176.53,207.01,14.72,30.47999999999999,Mid-Range
P1117,BrandA Until,Apparel,BrandA,142.81,233.4,38.81,90.59,Mid-Range
P1118,BrandC Total,Personal Care,BrandD,140.01,179.99,22.21,39.98000000000002,Mid-Range
P1119,BrandC Street,Personal Care,BrandD,51.65,64.93,20.45,13.280000000000008,Budget
P1120,BrandA City,Apparel,BrandD,124.35,146.64,15.2,22.289999999999992,Budget
P1121,BrandC Wife,Home & Kitchen,BrandD,5.89,7.73,23.8,1.8400000000000007,Budget
P1122,BrandA Push,Electronics,BrandC,173.23,344.4,49.7,171.17,Premium
P1123,BrandB Choice,Personal Care,BrandB,58.9,75.06,21.53,16.160000000000004,Budget
P1124,BrandB Road,Personal Care,BrandD,39.38,67.07,41.29,27.68999999999999,Budget
P1125,BrandA Box,Electronics,BrandC,60.59,90.35,32.94,29.75999999999999,Budget
P1126,BrandC Paper,Personal Care,BrandA,25.36,29.09,12.82,3.7300000000000004,Budget
P1127,BrandB Daughter,Apparel,BrandA,99.59,119.95,16.97,20.36,Budget
P1128,BrandB Simply,Personal Care,BrandC,86.72,153.7,43.58,66.97999999999999,Mid-Range
P1129,BrandC They,Apparel,BrandA,68.6,81.51,15.84,12.91000000000001,Budget
P1130,BrandD Experience,Apparel,BrandD,178.82,208.54,14.25,29.72,Mid-Range
P1131,BrandD Represent,Electronics,BrandD,33.26,64.36,48.32,31.1,Budget
P1132,BrandD Open,Apparel,BrandD,77.83,117.68,33.86,39.85000000000001,Budget
P1133,BrandB Care,Home & Kitchen,BrandC,44.43,53.96,17.66,9.530000000000001,Budget
P1134,BrandA Goal,Home & Kitchen,BrandB,26.67,40.51,34.16,13.839999999999996,Budget
P1135,BrandD Call,Apparel,BrandD,47.87,65.37,26.77,17.500000000000007,Budget
P1136,BrandB Parent,Apparel,BrandB,21.86,40.91,46.57,19.049999999999997,Budget
P1137,BrandD Region,Apparel,BrandD,168.21,227.29,25.99,59.079999999999984,Mid-Range
P1138,BrandD Any,Apparel,BrandB,68.82,111.59,38.33,42.77000000000001,Budget
P1139,BrandB Condition,Electronics,BrandD,196.14,222.83,11.98,26.690000000000026,Mid-Range
P1140,BrandD Research,Electronics,BrandD,108.57,166.26,34.7,57.69,Mid-Range
P1141,BrandA Cut,Personal Care,BrandD,51.9,83.18,37.61,31.28000000000001,Budget
P1142,BrandA Language,Personal Care,BrandB,30.88,42.19,26.81,11.309999999999999,Budget
P1143,BrandA Black,Electronics,BrandD,135.46,168.73,19.72,33.26999999999998,Mid-Range
P1144,BrandD Enough,Electronics,BrandD,95.43,116.88,18.35,21.44999999999999,Budget
P1145,BrandD Likely,Apparel,BrandC,127.23,220.55,42.31,93.32000000000001,Mid-Range
P1146,BrandA Road,Electronics,BrandD,179.22,250.84,28.55,71.62,Mid-Range
P1147,BrandA Stop,Home & Kitchen,BrandD,151.81,262.37,42.14,110.56,Mid-Range
P1148,BrandB Low,Electronics,BrandC,148.47,170.64,12.99,22.169999999999987,Mid-Range
P1149,BrandC Let,Electronics,BrandA,79.68,121.02,34.16,41.33999999999999,Budget
P1150,BrandA Stand,Home & Kitchen,BrandC,39.18,62.8,37.61,23.619999999999997,Budget
P1151,BrandA Radio,Apparel,BrandB,196.34,258.14,23.94,61.79999999999998,Mid-Range
P1152,BrandA Several,Personal Care,BrandB,151.87,271.06,43.97,119.19,Mid-Range
P1153,BrandC Air,Home & Kitchen,BrandC,103.2,152.8,32.46,49.60000000000001,Mid-Range
P1154,BrandA Song,Electronics,BrandC,72.32,111.2,34.96,38.88000000000001,Budget
P1155,BrandA My,Personal Care,BrandC,93.14,133.31,30.13,40.17,Budget
P1156,BrandA Probably,Apparel,BrandD,22.03,31.98,31.11,9.95,Budget
P1157,BrandB Than,Home & Kitchen,BrandA,26.33,35.5,25.83,9.170000000000002,Budget
P1158,BrandB Yet,Personal Care,BrandB,175.62,275.48,36.25,99.86000000000001,Mid-Range
P1159,BrandA Open,Home & Kitchen,BrandD,194.07,308.05,37.0,113.98000000000002,Premium
P1160,BrandB Yes,Personal Care,BrandC,86.93,153.34,43.31,66.41,Mid-Range
P1161,BrandA Cost,Home & Kitchen,BrandB,17.28,32.57,46.95,15.29,Budget
P1162,BrandB Put,Home & Kitchen,BrandD,117.85,199.19,40.84,81.34,Mid-Range
P1163,BrandC Sport,Personal Care,BrandD,94.31,151.89,37.91,57.579999999999984,Mid-Range
P1164,BrandC Already,Apparel,BrandC,49.22,70.62,30.3,21.400000000000006,Budget
P1165,BrandC Surface,Electronics,BrandB,73.86,111.55,33.79,37.69,Budget
P1166,BrandB Not,Apparel,BrandC,40.54,50.99,20.49,10.450000000000003,Budget
P1167,BrandB Least,Apparel,BrandB,27.8,55.44,49.86,27.639999999999997,Budget
P1168,BrandB Series,Personal Care,BrandC,77.09,99.03,22.15,21.939999999999998,Budget
P1169,BrandA Phone,Home & Kitchen,BrandC,33.85,50.9,33.5,17.049999999999997,Budget
P1170,BrandB Science,Home & Kitchen,BrandA,184.48,270.1,31.7,85.62000000000003,Mid-Range
P1171,BrandD Tax,Apparel,BrandD,185.92,230.62,19.38,44.70000000000002,Mid-Range
P1172,BrandC Break,Home & Kitchen,BrandD,179.72,354.52,49.31,174.79999999999998,Premium
P1173,BrandB Each,Personal Care,BrandC,139.38,245.1,43.13,105.72,Mid-Range
P1174,BrandA Road,Apparel,BrandA,65.08,95.11,31.57,30.03,Budget
P1175,BrandB Him,Personal Care,BrandC,23.03,26.47,13.0,3.4399999999999977,Budget
P1176,BrandB Young,Apparel,BrandC,43.16,50.72,14.91,7.560000000000002,Budget
P1177,BrandD Together,Electronics,BrandD,42.92,59.49,27.85,16.57,Budget
P1178,BrandA Record,Home & Kitchen,BrandD,33.85,63.25,46.48,29.4,Budget
P1179,BrandC Movement,Personal Care,BrandC,7.38,10.41,29.11,3.0300000000000002,Budget
P1180,BrandC Agency,Personal Care,BrandA,47.06,89.37,47.34,42.31,Budget
P1181,BrandD Certain,Personal Care,BrandC,36.94,64.84,43.03,27.900000000000006,Budget
P1182,BrandD Measure,Personal Care,BrandB,167.92,275.08,38.96,107.16,Mid-Range
P1183,BrandB Analysis,Apparel,BrandC,97.55,183.47,46.83,85.92,Mid-Range
P1184,BrandC Pressure,Electronics,BrandD,22.25,32.67,31.89,10.420000000000002,Budget
P1185,BrandC Hold,Personal Care,BrandB,113.38,197.19,42.5,83.81,Mid-Range
P1186,BrandB Activity,Apparel,BrandB,167.3,227.61,26.5,60.31,Mid-Range
P1187,BrandD From,Electronics,BrandC,167.74,230.39,27.19,62.64999999999998,Mid-Range
P1188,BrandD Before,Apparel,BrandA,159.29,197.3,19.27,38.01000000000002,Mid-Range
P1189,BrandC Cost,Personal Care,BrandA,132.49,252.18,47.46,119.69,Mid-Range
P1190,BrandD No,Apparel,BrandD,181.82,305.51,40.49,123.69,Premium
P1191,BrandA Ability,Electronics,BrandC,101.14,199.61,49.33,98.47000000000001,Mid-Range
P1192,BrandC Tend,Personal Care,BrandD,174.33,290.29,39.95,115.96000000000001,Mid-Range
P1193,BrandD Tax,Electronics,BrandC,104.94,169.77,38.19,64.83000000000001,Mid-Range
P1194,BrandC Something,Apparel,BrandA,33.5,50.75,33.99,17.25,Budget
P1195,BrandB Challenge,Home & Kitchen,BrandB,15.31,21.82,29.84,6.51,Budget
P1196,BrandC Better,Electronics,BrandC,61.87,103.64,40.3,41.77,Budget
P1197,BrandA Own,Apparel,BrandB,154.11,252.57,38.98,98.45999999999998,Mid-Range
P1198,BrandB Your,Home & Kitchen,BrandC,166.23,285.33,41.74,119.1,Mid-Range
P1199,BrandC Door,Home & Kitchen,BrandC,23.69,38.43,38.36,14.739999999999998,Budget
